file_id,section_id,local_readme_file,heading_markdown,section_code
1,1,2227324689.gpmall.md,# å’•æ³¡å•†åŸ- å¾®æœåŠ¡æ¶æ„å®æˆ˜,-
1,2,2227324689.gpmall.md,# åº”ç”¨æ¶æ„å›¾,-
1,3,2227324689.gpmall.md,## é¡¹ç›®æ¼”ç¤ºåœ°å€,-
1,4,2227324689.gpmall.md,# é¡¹ç›®ç”¨åˆ°çš„æŠ€æœ¯,"-,4"
1,5,2227324689.gpmall.md,## å‰ç«¯ä½¿ç”¨çš„æŠ€æœ¯,-
1,6,2227324689.gpmall.md,## åç«¯ä½¿ç”¨çš„æŠ€æœ¯,-
1,7,2227324689.gpmall.md,# é¡¹ç›®æ¨¡å—è¯´æ˜,-
1,8,2227324689.gpmall.md,# é¡¹ç›®æ­å»ºæ–¹å¼,-
1,9,2227324689.gpmall.md,# é¡¹ç›®å¼€å‘è¿›åº¦,-
1,10,2227324689.gpmall.md,## å‰å°é¡¹ç›®æ•´ä½“çš„è§„åˆ’æœ‰,-
1,11,2227324689.gpmall.md,## åå°è§„åˆ’,-
1,12,2227324689.gpmall.md,# æ•ˆæœå›¾,-
1,13,2227324689.gpmall.md,# é¡¹ç›®æ¶æ„å›¾,-
1,14,2227324689.gpmall.md,# å¦‚ä½•è´¡çŒ®,-
1,15,2227324689.gpmall.md,# ,-
1,16,2227324689.gpmall.md,# ä¸ªäººå¾®ä¿¡å…¬ä¼—å·,-
2,1,981011512.--.md,# åœè½¦åœºç®¡ç†_åœè½¦æ”¶è´¹_ç‰©ä¸šç®¡ç†_ç‰©è”ç½‘_è‡ªåŠ©ç¼´è´¹,-
2,2,981011512.--.md,#### ã€åŠŸèƒ½ä»‹ç»ã€‘ï¼š,-
2,3,981011512.--.md,#### ã€æŠ€æœ¯æ¶æ„ã€‘ï¼š,
2,4,981011512.--.md,#### ã€å¼€æºæƒ…å†µã€‘ï¼š,-
2,5,981011512.--.md,#### ã€å£°æ˜ã€‘ï¼šæœ¬é¡¹ç›®é‡Œé¢çš„ä»£ç æ²¡æœ‰ä»»ä½•ç§jaråŒ…ï¼Œæœ¬æ¥å°±æ˜¯å¼€æºé¡¹ç›®ï¼Œä»£ç æ²¡æœ‰ä¸¢åŒ…æˆ–è€…æ•…æ„ä¸¢ä»£ç å¯¼è‡´é¡¹ç›®æŠ¥é”™çš„æƒ…å†µï¼Œä½†æ˜¯ä¸ä¿è¯èƒ½å•†ç”¨ï¼Œä¸ªäººæ‹¿æ¥ä½œä¸ºå…¥é—¨ç ”ç©¶å’Œå¿«é€ŸäºŒæ¬¡å¼€å‘æ˜¯ä¸ªä¸é”™çš„é€‰æ‹©ï¼Œæƒ³è¦å•†ç”¨çš„å»ºè®®è‡ªå·±è¿›è¡ŒäºŒæ¬¡å¼€å‘ã€‚å¯¹äºé‚£äº›æƒ³è®©æˆ‘å…è´¹äºŒæ¬¡çš„å¼€å‘æˆ–è€…å…è´¹æä¾›å•†ä¸šç‰ˆæœ¬è€Œä¸”è¯´è¯è¿˜å¾ˆéš¾å¬çš„ç™½çœ¼ç‹¼ï¼Œè¯·ç»•é“ï¼è¿™é¡¹ç›®ä»£ç è‚¯å®šèƒ½è·‘èµ·æ¥ï¼ŒæŠ€æœ¯ä¸åˆ°å®¶çš„ï¼Œè‡ªå·±å…ˆå»å­¦ä¹ å­¦ä¹ javaåŸºç¡€å’ŒspringbootåŸºç¡€ï¼,-
2,6,981011512.--.md,#### ã€ äº’åŠ¨äº¤æµ ã€‘ï¼šæƒ³å•†ä¸šåˆä½œçš„åŠ æˆ‘å¾®ä¿¡: Dove981011512 éè¯šå‹¿æ‰°ï¼Œè°¢è°¢é…åˆï¼,-
2,7,981011512.--.md,#### ã€éƒ¨ç½²ç¯å¢ƒã€‘ï¼š,-
2,8,981011512.--.md,#### ã€å…³äºä½œè€…ã€‘ï¼š,-
2,9,981011512.--.md,#### è½¯ä»¶æ¶æ„,-
2,10,981011512.--.md,#### å®‰è£…æ•™ç¨‹,-
2,11,981011512.--.md,#### ä½¿ç”¨è¯´æ˜(swagger2æ–‡æ¡£),-
2,12,981011512.--.md,#### å‚ä¸è´¡çŒ®,
2,13,981011512.--.md,#### æ¼”ç¤ºåœ°å€,-
3,1,abel533.MyBatis-Spring-Boot.md,"# Spring Boot é›†æˆ MyBatis, åˆ†é¡µæ’ä»¶ PageHelper, é€šç”¨ Mapper ","-,1"
3,2,abel533.MyBatis-Spring-Boot.md,## æ–°ä¹¦ã€ŠMyBatis ä»å…¥é—¨åˆ°ç²¾é€šã€‹,"-,6"
3,3,abel533.MyBatis-Spring-Boot.md,## é¡¹ç›®ä¾èµ–,-
3,4,abel533.MyBatis-Spring-Boot.md,## Spring DevTools é…ç½®,
3,5,abel533.MyBatis-Spring-Boot.md,## é›†æˆ MyBatis Generator,-
3,6,abel533.MyBatis-Spring-Boot.md,## application.properties é…ç½®,-
3,7,abel533.MyBatis-Spring-Boot.md,## application.yml é…ç½®,-
3,8,abel533.MyBatis-Spring-Boot.md,## SSMé›†æˆçš„åŸºç¡€é¡¹ç›® ,"-,6"
3,9,abel533.MyBatis-Spring-Boot.md,## MyBatiså·¥å…· https://mybatis.io,-
3,10,abel533.MyBatis-Spring-Boot.md,## ä½œè€…ä¿¡æ¯,-
4,1,alibaba.freeline.md,# Freeline,1
4,2,alibaba.freeline.md,## Freeline Insights,"1,3"
4,3,alibaba.freeline.md,## Features,1
4,4,alibaba.freeline.md,## Download,3
4,5,alibaba.freeline.md,## TODO,4
4,6,alibaba.freeline.md,## Limitations,3
4,7,alibaba.freeline.md,## Contributing,7
4,8,alibaba.freeline.md,## Troubleshooting,"3,6"
4,9,alibaba.freeline.md,## Thanks,"5,6"
4,10,alibaba.freeline.md,## License,5
5,1,alibaba.nacos.md,# Nacos: Dynamic  *Na*ming and *Co*nfiguration *S*ervice,3
5,2,alibaba.nacos.md,## ,-
5,3,alibaba.nacos.md,## What does it do,1
5,4,alibaba.nacos.md,## Quick Start,3
5,5,alibaba.nacos.md,### Deploying Nacos on cloud,"3,6"
5,6,alibaba.nacos.md,### Start by the provided startup package,-
5,7,alibaba.nacos.md,#### Step 1: Download the binary package ,3
5,8,alibaba.nacos.md,#### Step 2: Start Server,3
5,9,alibaba.nacos.md,## Quick start for other open-source projects:,6
5,10,alibaba.nacos.md,## Documentation,6
5,11,alibaba.nacos.md,## Contributing,7
5,12,alibaba.nacos.md,### How can I contribute?,7
5,13,alibaba.nacos.md,## Other Related Project Repositories,1
5,14,alibaba.nacos.md,## Contact,5
5,15,alibaba.nacos.md,## Enterprise Service,6
5,16,alibaba.nacos.md,## Download,
5,17,alibaba.nacos.md,## Who is using,3
6,1,alibaba.transmittable-thread-local.md,"# <div align=""center""><a href=""#dummy""><img src=""docs/logo-blue.png"" alt=""ğŸ“Œ TransmittableThreadLocal(TTL)""></a></div>",6
6,2,alibaba.transmittable-thread-local.md,## ,-
6,3,alibaba.transmittable-thread-local.md,## ,-
6,4,alibaba.transmittable-thread-local.md,## ,-
6,5,alibaba.transmittable-thread-local.md,# ğŸ”§ åŠŸèƒ½,-
6,6,alibaba.transmittable-thread-local.md,# ğŸ¨ éœ€æ±‚åœºæ™¯,"-,4"
6,7,alibaba.transmittable-thread-local.md,# ğŸ‘¥ User Guide,-
6,8,alibaba.transmittable-thread-local.md,## 1. ç®€å•ä½¿ç”¨,-
6,9,alibaba.transmittable-thread-local.md,## 2. ä¿è¯çº¿ç¨‹æ± ä¸­ä¼ é€’å€¼,"-,4"
6,10,alibaba.transmittable-thread-local.md,### 2.1 ä¿®é¥°`Runnable`å’Œ`Callable`,"-,4"
6,11,alibaba.transmittable-thread-local.md,#### æ•´ä¸ªè¿‡ç¨‹çš„å®Œæ•´æ—¶åºå›¾,-
6,12,alibaba.transmittable-thread-local.md,### 2.2 ä¿®é¥°çº¿ç¨‹æ± ,"-,4"
6,13,alibaba.transmittable-thread-local.md,### 2.3 ä½¿ç”¨`Java Agent`æ¥ä¿®é¥°`JDK`çº¿ç¨‹æ± å®ç°ç±»,"-,4"
6,14,alibaba.transmittable-thread-local.md,#### `Java Agent`çš„å¯åŠ¨å‚æ•°é…ç½®,-
6,15,alibaba.transmittable-thread-local.md,# ğŸ”Œ Java API Docs,"-,6"
6,16,alibaba.transmittable-thread-local.md,# ğŸª Mavenä¾èµ–,-
6,17,alibaba.transmittable-thread-local.md,# ğŸ”¨ å…³äºç¼–è¯‘æ„å»º,-
6,18,alibaba.transmittable-thread-local.md,# â“ FAQ,"-,6"
6,19,alibaba.transmittable-thread-local.md,# âœ¨ ä½¿ç”¨`TTL`çš„å¥½å¤„ä¸å¿…è¦æ€§,-
6,20,alibaba.transmittable-thread-local.md,# ğŸ—¿ æ›´å¤šæ–‡æ¡£,-
6,21,alibaba.transmittable-thread-local.md,# ğŸ“š ç›¸å…³èµ„æ–™,-
6,22,alibaba.transmittable-thread-local.md,## JDK Core Classes,6
6,23,alibaba.transmittable-thread-local.md,# ğŸ’ Who used,-
6,24,alibaba.transmittable-thread-local.md,# ğŸ‘· Contributors,"-,5"
7,1,amlcurran.ShowcaseView.md,## ShowcaseView,1
7,2,amlcurran.ShowcaseView.md,# Project set-up,3
7,3,amlcurran.ShowcaseView.md,# Usage,3
7,4,amlcurran.ShowcaseView.md,## Sample Project,"3,6"
7,5,amlcurran.ShowcaseView.md,## What's the legacy branch?,6
7,6,amlcurran.ShowcaseView.md,## Is it worth using?,
7,7,amlcurran.ShowcaseView.md,## What's missing in v5,
7,8,amlcurran.ShowcaseView.md,## FAQs,3
7,9,amlcurran.ShowcaseView.md,## Copyright and Licensing,5
8,1,android.testing-samples.md,# Android testing samples,1
8,2,android.testing-samples.md,### Espresso Samples,"1,3"
8,3,android.testing-samples.md,### UiAutomator Sample,6
8,4,android.testing-samples.md,### AndroidJUnitRunner Sample,3
8,5,android.testing-samples.md,### JUnit4 Rules Sample,1
8,6,android.testing-samples.md,## Prerequisites,3
8,7,android.testing-samples.md,## Getting Started,3
8,8,android.testing-samples.md,## AndroidX Test Library,6
8,9,android.testing-samples.md,## Experimental Bazel Support,3
8,10,android.testing-samples.md,### Bazel commands,3
8,11,android.testing-samples.md,## Support,6
8,12,android.testing-samples.md,## License,5
9,1,android.views-widgets-samples.md,# Android Views and Widgets Samples Repository,1
10,1,antoniolg.androidmvp.md,# androidmvp,"1,6"
11,1,apache.calcite.md,# Apache Calcite,"1,6"
12,1,apache.druid.md,## ,"1,6"
12,2,apache.druid.md,## ,-
12,3,apache.druid.md,## Apache Druid,1
12,4,apache.druid.md,### Getting started,3
12,5,apache.druid.md,#### Load data,3
12,6,apache.druid.md,#### Manage the cluster,"-,1"
12,7,apache.druid.md,#### Issue queries,
12,8,apache.druid.md,### Documentation,6
12,9,apache.druid.md,### Community,"1,6"
12,10,apache.druid.md,### Building from source,3
12,11,apache.druid.md,### Contributing,7
12,12,apache.druid.md,### License,5
13,1,apache.nifi.md,## Table of Contents,"1,6"
13,2,apache.nifi.md,## Features,1
13,3,apache.nifi.md,## Minimum Recommendations,3
13,4,apache.nifi.md,## Minimum Requirements,3
13,5,apache.nifi.md,## Getting Started,"3,6"
13,6,apache.nifi.md,### Building,3
13,7,apache.nifi.md,### Deploying,3
13,8,apache.nifi.md,### Starting,3
13,9,apache.nifi.md,### Authenticating,3
13,10,apache.nifi.md,### Running,3
13,11,apache.nifi.md,### Configuring,3
13,12,apache.nifi.md,### Stopping,3
13,13,apache.nifi.md,## MiNiFi subproject,3
13,14,apache.nifi.md,### Docker Build,3
13,15,apache.nifi.md,## Registry subproject,
13,16,apache.nifi.md,### Getting Registry Started,"3,6"
13,17,apache.nifi.md,### Database Testing,3
13,18,apache.nifi.md,## Getting Help,"5,6"
13,19,apache.nifi.md,## Documentation,6
13,20,apache.nifi.md,## License,"-,5"
13,21,apache.nifi.md,## Export Control,6
14,1,avast.android-butterknife-zelezny.md,# ButterKnifeZelezny,"1,3"
14,2,avast.android-butterknife-zelezny.md,## How to install,3
14,3,avast.android-butterknife-zelezny.md,## How to use it,3
14,4,avast.android-butterknife-zelezny.md,## Contributing,7
14,5,avast.android-butterknife-zelezny.md,## Common issue: The plugin is not working after I updated to new Android Studio,3
14,6,avast.android-butterknife-zelezny.md,## Why 'Zelezny'?,1
15,1,awsdocs.aws-doc-sdk-examples.md,# AWS SDK Code Examples,3
15,2,awsdocs.aws-doc-sdk-examples.md,## How this repository is organized,3
15,3,awsdocs.aws-doc-sdk-examples.md,## Invoke example code,3
15,4,awsdocs.aws-doc-sdk-examples.md,## âš ï¸ Usage disclaimer,-
15,5,awsdocs.aws-doc-sdk-examples.md,## Other examples,3
15,6,awsdocs.aws-doc-sdk-examples.md,# Contributing,7
15,7,awsdocs.aws-doc-sdk-examples.md,# Copyright and license,5
16,1,azkaban.azkaban.md,# Azkaban ,"-,1,6"
16,2,azkaban.azkaban.md,## Build,3
16,3,azkaban.azkaban.md,### Build a release,3
16,4,azkaban.azkaban.md,## Documentation,6
16,5,azkaban.azkaban.md,## Developer Guide,6
16,6,azkaban.azkaban.md,#### Documentation development,3
17,1,Blankj.awesome-java-leetcode.md,# awesome-java-leetcode,3
17,2,Blankj.awesome-java-leetcode.md,## Easy,3
17,3,Blankj.awesome-java-leetcode.md,## Medium,6
17,4,Blankj.awesome-java-leetcode.md,## Hard,"3,6"
17,5,Blankj.awesome-java-leetcode.md,## æ‰“ä¸ªå°å¹¿å‘Š,-
18,1,cabaletta.baritone.md,# Baritone,3
18,2,cabaletta.baritone.md,# Getting Started,"3,6"
18,3,cabaletta.baritone.md,## Stars over time,
18,4,cabaletta.baritone.md,# API,"3,6"
18,5,cabaletta.baritone.md,# FAQ,"-,6"
18,6,cabaletta.baritone.md,## Can I use Baritone as a library in my custom utility client?,3
18,7,cabaletta.baritone.md,## How is it so fast?,1
18,8,cabaletta.baritone.md,### Additional Special Thanks To:,5
18,9,cabaletta.baritone.md,## Why is it called Baritone?,1
19,1,careercup.ctci.md,# ctci,
20,1,code4craft.webmagic.md,## Features:,1
20,2,code4craft.webmagic.md,## Install:,3
20,3,code4craft.webmagic.md,## Get Started:,3
20,4,code4craft.webmagic.md,### First crawler:,3
20,5,code4craft.webmagic.md,### Docs and samples:,6
20,6,code4craft.webmagic.md,### Lisence:,"-,1,6"
20,7,code4craft.webmagic.md,### Thanks:,1
20,8,code4craft.webmagic.md,### Mail-list:,5
20,9,code4craft.webmagic.md,### Related Project,1
21,1,didi.VirtualAPK.md,# Android 9.0 supported! Please use [the lastest release](https://github.com/didi/VirtualAPK/releases).,1
21,2,didi.VirtualAPK.md,"# <img src=""imgs/va-logo.png"" width=""200px"" align=""center"" alt=""VirtualAPK""/>",1
21,3,didi.VirtualAPK.md,# Supported Features,1
21,4,didi.VirtualAPK.md,# Getting started,3
21,5,didi.VirtualAPK.md,## Host Project,3
21,6,didi.VirtualAPK.md,## Plugin Project,3
21,7,didi.VirtualAPK.md,# Developer guide,6
21,8,didi.VirtualAPK.md,# Known issues,"1,6"
21,9,didi.VirtualAPK.md,# Contributing,7
21,10,didi.VirtualAPK.md,# Who is using VirtualAPK?,3
21,11,didi.VirtualAPK.md,# License,5
22,1,DrKLO.Telegram.md,## Telegram messenger for Android,1
22,2,DrKLO.Telegram.md,## Creating your Telegram Application,3
22,3,DrKLO.Telegram.md,"### API, Protocol documentation",6
22,4,DrKLO.Telegram.md,### Compilation Guide,3
22,5,DrKLO.Telegram.md,### Localization,
23,1,elastic.logstash.md,# Logstash,1
23,2,elastic.logstash.md,## Documentation and Getting Started,6
23,3,elastic.logstash.md,## Downloads,3
23,4,elastic.logstash.md,## Need Help?,"1,6"
23,5,elastic.logstash.md,## Logstash Plugins,3
23,6,elastic.logstash.md,### Writing your own Plugin,"3,6"
23,7,elastic.logstash.md,### Plugin Issues and Pull Requests,"6,7"
23,8,elastic.logstash.md,## Developing Logstash Core,"3,6"
23,9,elastic.logstash.md,### Prerequisites,3
23,10,elastic.logstash.md,### RVM install (optional),3
23,11,elastic.logstash.md,### Check Ruby version,3
23,12,elastic.logstash.md,### Building Logstash,3
23,13,elastic.logstash.md,## Building Logstash Documentation,"3,6"
23,14,elastic.logstash.md,## Testing,"3,6"
23,15,elastic.logstash.md,### Core tests,3
23,16,elastic.logstash.md,### Plugins tests,3
23,17,elastic.logstash.md,## ,-
23,18,elastic.logstash.md,## Building Artifacts,3
23,19,elastic.logstash.md,## Using a Custom JRuby Distribution,3
23,20,elastic.logstash.md,## Project Principles,3
23,21,elastic.logstash.md,## Contributing,7
24,1,elunez.eladmin.md,#### é¡¹ç›®ç®€ä»‹,"-,6"
24,2,elunez.eladmin.md,#### é¡¹ç›®æºç ,"-,6"
24,3,elunez.eladmin.md,#### ä¸»è¦ç‰¹æ€§,-
24,4,elunez.eladmin.md,####  ç³»ç»ŸåŠŸèƒ½,-
24,5,elunez.eladmin.md,#### é¡¹ç›®ç»“æ„,-
24,6,elunez.eladmin.md,#### è¯¦ç»†ç»“æ„,-
24,7,elunez.eladmin.md,#### ç‰¹åˆ«é¸£è°¢,-
24,8,elunez.eladmin.md,#### é¡¹ç›®æèµ ,-
24,9,elunez.eladmin.md,#### åé¦ˆäº¤æµ,-
25,1,EnterpriseQualityCoding.FizzBuzzEnterpriseEdition.md,# FizzBuzzEnterpriseEdition,1
25,2,EnterpriseQualityCoding.FizzBuzzEnterpriseEdition.md,## FizzBuzz,3
25,3,EnterpriseQualityCoding.FizzBuzzEnterpriseEdition.md,## Contributing,"5,7"
26,1,firebase.FirebaseUI-Android.md,# FirebaseUI for Android â€” UI Bindings for Firebase,"1,6"
26,2,firebase.FirebaseUI-Android.md,## Table of contents,3
26,3,firebase.FirebaseUI-Android.md,## Usage,"3,6"
26,4,firebase.FirebaseUI-Android.md,## Installation,3
26,5,firebase.FirebaseUI-Android.md,### Upgrading,4
26,6,firebase.FirebaseUI-Android.md,## Dependencies,"-,3"
26,7,firebase.FirebaseUI-Android.md,### Compatibility with Firebase / Google Play Services libraries,"3,6"
26,8,firebase.FirebaseUI-Android.md,### Upgrading dependencies,3
26,9,firebase.FirebaseUI-Android.md,#### Auth,3
26,10,firebase.FirebaseUI-Android.md,#### Firestore,"-,3"
26,11,firebase.FirebaseUI-Android.md,#### Realtime Database,1
26,12,firebase.FirebaseUI-Android.md,#### Storage,"-,3"
26,13,firebase.FirebaseUI-Android.md,## Sample app,3
26,14,firebase.FirebaseUI-Android.md,## Snapshot builds,3
26,15,firebase.FirebaseUI-Android.md,## Contributing,7
26,16,firebase.FirebaseUI-Android.md,### Installing locally,3
26,17,firebase.FirebaseUI-Android.md,### Contributor License Agreements,"5,7"
26,18,firebase.FirebaseUI-Android.md,### Contribution process,7
27,1,Freelander.Android_Data.md,# Android å­¦ä¹ èµ„æ–™æ”¶é›†                                                        ,-
27,2,Freelander.Android_Data.md,## ç›®å½•,-
27,3,Freelander.Android_Data.md,# ,-
27,4,Freelander.Android_Data.md,## ä¹¦ç±,
27,5,Freelander.Android_Data.md,## å¼€å‘ç¯å¢ƒ/å·¥å…·,
27,6,Freelander.Android_Data.md,## åšå®¢,-
27,7,Freelander.Android_Data.md,## ç¤¾åŒº,-
27,8,Freelander.Android_Data.md,## å¼€æºé¡¹ç›®å­¦ä¹ ,-
27,9,Freelander.Android_Data.md,## Android å¼€å‘è€…æ‚å¿—å‘¨åˆŠ,-
27,10,Freelander.Android_Data.md,## Awesome ç³»åˆ—,-
27,11,Freelander.Android_Data.md,## åŠ¨ç”»ç³»åˆ—,-
27,12,Freelander.Android_Data.md,## Material Design è®¾è®¡,"-,1"
27,13,Freelander.Android_Data.md,## ç´ æ,-
27,14,Freelander.Android_Data.md,## å¼€æºåº“æ”¶é›†,-
27,15,Freelander.Android_Data.md,## è®¾è®¡æ¨¡å¼,-
27,16,Freelander.Android_Data.md,## å®è·µç¯‡,-
27,17,Freelander.Android_Data.md,## é¢è¯•,-
27,18,Freelander.Android_Data.md,## Git æ•™ç¨‹,-
27,19,Freelander.Android_Data.md,## æ–‡æ¡£,-
27,20,Freelander.Android_Data.md,## å…¶å®ƒèµ„æ–™æ”¶é›†,-
27,21,Freelander.Android_Data.md,## çŸ¥ä¹ä¸Šçš„è®¨è®º,-
27,22,Freelander.Android_Data.md,## è´¡çŒ®è€…,-
27,23,Freelander.Android_Data.md,## License,5
28,1,frogermcs.InstaMaterial.md,# InstaMaterial,-
28,2,frogermcs.InstaMaterial.md,### Updated,"1,6"
28,3,frogermcs.InstaMaterial.md,## Summary,1
28,4,frogermcs.InstaMaterial.md,### Current build ,3
28,5,frogermcs.InstaMaterial.md,### Full showcase of application,-
28,6,frogermcs.InstaMaterial.md,## Blog posts,1
28,7,frogermcs.InstaMaterial.md,## ,-
28,8,frogermcs.InstaMaterial.md,## ,-
28,9,frogermcs.InstaMaterial.md,## ,-
28,10,frogermcs.InstaMaterial.md,## ,-
28,11,frogermcs.InstaMaterial.md,## ,-
28,12,frogermcs.InstaMaterial.md,## ,-
28,13,frogermcs.InstaMaterial.md,## ,-
28,14,frogermcs.InstaMaterial.md,## ,-
29,1,getActivity.AndroidProject.md,# å®‰å“æŠ€æœ¯ä¸­å°,-
29,2,getActivity.AndroidProject.md,#### å¸¸ç”¨ç•Œé¢,-
29,3,getActivity.AndroidProject.md,## ,-
29,4,getActivity.AndroidProject.md,#### å¸¸ç”¨å¯¹è¯æ¡†,-
29,5,getActivity.AndroidProject.md,#### åŠ¨å›¾æ¬£èµ,-
29,6,getActivity.AndroidProject.md,#### é¡¹ç›®äº®ç‚¹,-
29,7,getActivity.AndroidProject.md,#### [ä»£ç è§„èŒƒæ–‡æ¡£è¯·ç‚¹å‡»è¿™é‡ŒæŸ¥çœ‹](https://github.com/getActivity/AndroidCodeStandard),-
29,8,getActivity.AndroidProject.md,#### [ç‰ˆæœ¬é€‚é…æ–‡æ¡£è¯·ç‚¹å‡»è¿™é‡ŒæŸ¥çœ‹](https://github.com/getActivity/AndroidVersionAdapter),-
29,9,getActivity.AndroidProject.md,#### [å¸¸è§é—®é¢˜è§£ç­”è¯·ç‚¹å‡»è¿™é‡ŒæŸ¥çœ‹](HelpDoc.md),-
29,10,getActivity.AndroidProject.md,#### ä½œè€…çš„å…¶ä»–å¼€æºé¡¹ç›®,-
29,11,getActivity.AndroidProject.md,#### å¾®ä¿¡å…¬ä¼—å·ï¼šAndroidè½®å­å“¥,-
29,12,getActivity.AndroidProject.md,#### Android æŠ€æœ¯åˆ†äº« QQ ç¾¤ï¼š78797078,-
29,13,getActivity.AndroidProject.md,#### å¦‚æœæ‚¨è§‰å¾—æˆ‘çš„å¼€æºåº“å¸®ä½ èŠ‚çœäº†å¤§é‡çš„å¼€å‘æ—¶é—´ï¼Œè¯·æ‰«æä¸‹æ–¹çš„äºŒç»´ç éšæ„æ‰“èµï¼Œè¦æ˜¯èƒ½æ‰“èµä¸ª 10.24 :monkey_face:å°±å¤ª:thumbsup:äº†ã€‚æ‚¨çš„æ”¯æŒå°†é¼“åŠ±æˆ‘ç»§ç»­åˆ›ä½œ:octocat:,-
29,14,getActivity.AndroidProject.md,#### [ç‚¹å‡»æŸ¥çœ‹æèµ åˆ—è¡¨](https://github.com/getActivity/Donate),-
29,15,getActivity.AndroidProject.md,## License,5
30,1,getActivity.XXPermissions.md,## [English Doc](README-en.md),"3,6"
30,2,getActivity.XXPermissions.md,# æƒé™è¯·æ±‚æ¡†æ¶,-
30,3,getActivity.XXPermissions.md,#### é›†æˆæ­¥éª¤,-
30,4,getActivity.XXPermissions.md,#### AndroidX å…¼å®¹,-
30,5,getActivity.XXPermissions.md,#### åˆ†åŒºå­˜å‚¨,
30,6,getActivity.XXPermissions.md,#### ä¸€å¥ä»£ç æå®šæƒé™è¯·æ±‚ï¼Œä»æœªå¦‚æ­¤ç®€å•,-
30,7,getActivity.XXPermissions.md,#### æ¡†æ¶å…¶ä»– API ä»‹ç»,-
30,8,getActivity.XXPermissions.md,#### å…³äºæƒé™ç›‘å¬å›è°ƒå‚æ•°è¯´æ˜,-
30,9,getActivity.XXPermissions.md,## [å…¶ä»–å¸¸è§ç–‘é—®è¯·ç‚¹å‡»æ­¤å¤„æŸ¥çœ‹](HelpDoc-zh.md),-
30,10,getActivity.XXPermissions.md,#### åŒç±»æƒé™è¯·æ±‚æ¡†æ¶ä¹‹é—´çš„å¯¹æ¯”,-
30,11,getActivity.XXPermissions.md,#### æ–°æƒé™è‡ªåŠ¨å…¼å®¹æ—§è®¾å¤‡ä»‹ç»,
30,12,getActivity.XXPermissions.md,#### å±å¹•æ—‹è½¬åœºæ™¯é€‚é…ä»‹ç»,-
30,13,getActivity.XXPermissions.md,#### åå°ç”³è¯·æƒé™åœºæ™¯ä»‹ç»,-
30,14,getActivity.XXPermissions.md,#### Android 12 å†…å­˜æ³„æ¼é—®é¢˜ä¿®å¤ä»‹ç»,-
30,15,getActivity.XXPermissions.md,#### é”™è¯¯æ£€æµ‹æœºåˆ¶ä»‹ç»,-
30,16,getActivity.XXPermissions.md,#### æ¡†æ¶äº®ç‚¹,-
30,17,getActivity.XXPermissions.md,#### ä½œè€…çš„å…¶ä»–å¼€æºé¡¹ç›®,-
30,18,getActivity.XXPermissions.md,#### å¾®ä¿¡å…¬ä¼—å·ï¼šAndroidè½®å­å“¥,-
30,19,getActivity.XXPermissions.md,#### Android æŠ€æœ¯ Q ç¾¤ï¼š10047167,
30,20,getActivity.XXPermissions.md,#### å¦‚æœæ‚¨è§‰å¾—æˆ‘çš„å¼€æºåº“å¸®ä½ èŠ‚çœäº†å¤§é‡çš„å¼€å‘æ—¶é—´ï¼Œè¯·æ‰«æä¸‹æ–¹çš„äºŒç»´ç éšæ„æ‰“èµï¼Œè¦æ˜¯èƒ½æ‰“èµä¸ª 10.24 :monkey_face:å°±å¤ª:thumbsup:äº†ã€‚æ‚¨çš„æ”¯æŒå°†é¼“åŠ±æˆ‘ç»§ç»­åˆ›ä½œ:octocat:,-
30,21,getActivity.XXPermissions.md,#### [ç‚¹å‡»æŸ¥çœ‹æèµ åˆ—è¡¨](https://github.com/getActivity/Donate),-
30,22,getActivity.XXPermissions.md,## License,5
31,1,goldze.MVVMHabit.md,## æœ€æ–°æ—¥å¿—,"-,4"
31,2,goldze.MVVMHabit.md,#### [æ›´å¤šæ—¥å¿—](./UpdateLog.md),-
31,3,goldze.MVVMHabit.md,# MVVMHabit,-
31,4,goldze.MVVMHabit.md,##,-
31,5,goldze.MVVMHabit.md,## æ¡†æ¶æµç¨‹,-
31,6,goldze.MVVMHabit.md,## æ¡†æ¶ç‰¹ç‚¹,-
31,7,goldze.MVVMHabit.md,## 1ã€å‡†å¤‡å·¥ä½œ,-
31,8,goldze.MVVMHabit.md,### 1.1ã€å¯ç”¨databinding,"-,4"
31,9,goldze.MVVMHabit.md,### 1.2ã€ä¾èµ–Library,-
31,10,goldze.MVVMHabit.md,### 1.3ã€é…ç½®config.gradle,-
31,11,goldze.MVVMHabit.md,### 1.4ã€é…ç½®AndroidManifest,-
31,12,goldze.MVVMHabit.md,## 2ã€å¿«é€Ÿä¸Šæ‰‹,"-,4"
31,13,goldze.MVVMHabit.md,### 2.1ã€ç¬¬ä¸€ä¸ªActivity,-
31,14,goldze.MVVMHabit.md,##### 2.1.1ã€å…³è”ViewModel,
31,15,goldze.MVVMHabit.md,##### 2.1.2ã€ç»§æ‰¿BaseActivity,-
31,16,goldze.MVVMHabit.md,##### 2.1.3ã€ç»§æ‰¿BaseViewModel,-
31,17,goldze.MVVMHabit.md,### 2.2ã€æ•°æ®ç»‘å®š,-
31,18,goldze.MVVMHabit.md,##### 2.2.1ã€ä¼ ç»Ÿç»‘å®š,"-,4"
31,19,goldze.MVVMHabit.md,##### 2.2.2ã€è‡ªå®šä¹‰ç»‘å®š,-
31,20,goldze.MVVMHabit.md,##### 2.2.3ã€è‡ªå®šä¹‰ImageViewå›¾ç‰‡åŠ è½½,-
31,21,goldze.MVVMHabit.md,##### 2.2.4ã€RecyclerViewç»‘å®š,
31,22,goldze.MVVMHabit.md,### 2.3ã€ç½‘ç»œè¯·æ±‚,-
31,23,goldze.MVVMHabit.md,#### 2.3.1ã€Retrofit+Okhttp+RxJava,-
31,24,goldze.MVVMHabit.md,#### 2.3.2ã€ç½‘ç»œæ‹¦æˆªå™¨,-
31,25,goldze.MVVMHabit.md,#### 2.3.3ã€Cookieç®¡ç†,-
31,26,goldze.MVVMHabit.md,#### 2.3.4ã€ç»‘å®šç”Ÿå‘½å‘¨æœŸ,-
31,27,goldze.MVVMHabit.md,#### 2.3.5ã€ç½‘ç»œå¼‚å¸¸å¤„ç†,-
31,28,goldze.MVVMHabit.md,## 3ã€è¾…åŠ©åŠŸèƒ½,-
31,29,goldze.MVVMHabit.md,### 3.1ã€äº‹ä»¶æ€»çº¿,"-,4"
31,30,goldze.MVVMHabit.md,#### 3.3.1ã€RxBus,"-,4"
31,31,goldze.MVVMHabit.md,#### 3.3.2ã€Messenger,-
31,32,goldze.MVVMHabit.md,### 3.2ã€æ–‡ä»¶ä¸‹è½½,-
31,33,goldze.MVVMHabit.md,### 3.3ã€ContainerActivity,"-,4"
31,34,goldze.MVVMHabit.md,### 3.4ã€6.0æƒé™ç”³è¯·,-
31,35,goldze.MVVMHabit.md,### 3.5ã€å›¾ç‰‡å‹ç¼©,-
31,36,goldze.MVVMHabit.md,### 3.6ã€å…¶ä»–è¾…åŠ©ç±»,"-,4"
31,37,goldze.MVVMHabit.md,## 4ã€é™„åŠ ,"-,4"
31,38,goldze.MVVMHabit.md,### 4.1ã€ç¼–è¯‘é”™è¯¯è§£å†³æ–¹æ³•,"-,4"
31,39,goldze.MVVMHabit.md,##### 4.1.1ã€ç»‘å®šé”™è¯¯,-
31,40,goldze.MVVMHabit.md,##### 4.1.2ã€xmlå¯¼åŒ…é”™è¯¯,-
31,41,goldze.MVVMHabit.md,##### 4.1.3ã€buildé”™è¯¯,-
31,42,goldze.MVVMHabit.md,##### 4.1.4ã€è‡ªåŠ¨ç”Ÿæˆç±»é”™è¯¯,
31,43,goldze.MVVMHabit.md,##### 4.1.5ã€gradleé”™è¯¯,-
31,44,goldze.MVVMHabit.md,## æ··æ·†,-
31,45,goldze.MVVMHabit.md,## ç»„ä»¶åŒ–,-
31,46,goldze.MVVMHabit.md,## About,"1,5"
31,47,goldze.MVVMHabit.md,## Thank,-
31,48,goldze.MVVMHabit.md,## License,5
32,1,google.closure-compiler.md,# [Google Closure Compiler](https://developers.google.com/closure/compiler/),"1,3,6"
32,2,google.closure-compiler.md,## Getting Started,"3,6"
32,3,google.closure-compiler.md,#### Downloading from Maven Repository,"3,6"
32,4,google.closure-compiler.md,### Basic usage,3
32,5,google.closure-compiler.md,#### See the [Google Developers Site](https://developers.google.com/closure/compiler/docs/gettingstarted_app) for documentation including instructions for running the compiler from the command line.,3
32,6,google.closure-compiler.md,### NodeJS API,"3,6"
32,7,google.closure-compiler.md,#### Please see the [closure-compiler-npm](https://github.com/google/closure-compiler-npm/tree/master/packages/google-closure-compiler) repository for documentation on accessing the compiler in JS.,"1,6"
32,8,google.closure-compiler.md,## Compiling Multiple Scripts,3
32,9,google.closure-compiler.md,## Getting Help,6
32,10,google.closure-compiler.md,## Building the Compiler,"3,6"
32,11,google.closure-compiler.md,## Prerequisite                                                               | Description,"1,6"
32,12,google.closure-compiler.md,### Installing Bazelisk,3
32,13,google.closure-compiler.md,### Building from a terminal,3
32,14,google.closure-compiler.md,### Testing from a terminal,3
32,15,google.closure-compiler.md,### Building from an IDE,3
32,16,google.closure-compiler.md,### Running,3
32,17,google.closure-compiler.md,#### Running using Eclipse,3
32,18,google.closure-compiler.md,## Contributing,7
32,19,google.closure-compiler.md,### Contributor code of conduct,7
32,20,google.closure-compiler.md,### Reporting a bug,3
32,21,google.closure-compiler.md,### Suggesting a feature,1
32,22,google.closure-compiler.md,### Submitting patches,5
32,23,google.closure-compiler.md,## Closure Compiler License,5
32,24,google.closure-compiler.md,## Dependency Licenses,-
32,25,google.closure-compiler.md,### Rhino,-
32,26,google.closure-compiler.md,### Args4j,6
32,27,google.closure-compiler.md,### Guava Libraries,1
32,28,google.closure-compiler.md,### JSR 305,
32,29,google.closure-compiler.md,### JUnit,1
32,30,google.closure-compiler.md,### Protocol Buffers,1
32,31,google.closure-compiler.md,### RE2/J,1
32,32,google.closure-compiler.md,### Truth,1
32,33,google.closure-compiler.md,### Ant,1
32,34,google.closure-compiler.md,### GSON,1
32,35,google.closure-compiler.md,### Node.js Closure Compiler Externs,1
33,1,google.google-java-format.md,# google-java-format,"1,3,6"
33,2,google.google-java-format.md,## Using the formatter,3
33,3,google.google-java-format.md,### from the command-line,3
33,4,google.google-java-format.md,"### IntelliJ, Android Studio, and other JetBrains IDEs",3
33,5,google.google-java-format.md,### Eclipse,"1,3"
33,6,google.google-java-format.md,### Third-party integrations,"3,6"
33,7,google.google-java-format.md,### as a library,3
33,8,google.google-java-format.md,#### Maven,3
33,9,google.google-java-format.md,#### Gradle,3
33,10,google.google-java-format.md,## Building from source,3
33,11,google.google-java-format.md,## Contributing,7
33,12,google.google-java-format.md,## License,5
34,1,GrenderG.Toasty.md,# Toasty,-
34,2,GrenderG.Toasty.md,## Prerequisites,3
34,3,GrenderG.Toasty.md,## Dependency,3
34,4,GrenderG.Toasty.md,## Configuration,3
34,5,GrenderG.Toasty.md,## Usage,3
34,6,GrenderG.Toasty.md,### Extra,
34,7,GrenderG.Toasty.md,## Screenshots,"3,8"
34,8,GrenderG.Toasty.md,## Third Party Bindings,-
34,9,GrenderG.Toasty.md,### React Native,"3,6"
35,1,grpc.grpc-java.md,# gRPC-Java - An RPC library and framework,"1,6"
35,2,grpc.grpc-java.md,## Supported Platforms,1
35,3,grpc.grpc-java.md,## Java version | gRPC Branch,"1,6"
35,4,grpc.grpc-java.md,## Getting Started,"3,6"
35,5,grpc.grpc-java.md,## Download,3
35,6,grpc.grpc-java.md,## Generated Code,3
35,7,grpc.grpc-java.md,## API Stability,
35,8,grpc.grpc-java.md,## How to Build,"3,6"
35,9,grpc.grpc-java.md,## High-level Components,1
35,10,grpc.grpc-java.md,### Stub,1
35,11,grpc.grpc-java.md,### Channel,"-,1"
35,12,grpc.grpc-java.md,### Transport,1
36,1,guardianproject.haven.md,# About Haven,1
36,2,guardianproject.haven.md,## Announcement and Public Beta,"1,6"
36,3,guardianproject.haven.md,## Project Team,"5,6"
36,4,guardianproject.haven.md,## Safety through Sensors,"1,3"
36,5,guardianproject.haven.md,## Building,
36,6,guardianproject.haven.md,## Install,3
36,7,guardianproject.haven.md,## Why no iPhone Support?,1
36,8,guardianproject.haven.md,## Usage,3
36,9,guardianproject.haven.md,### Main view,3
36,10,guardianproject.haven.md,### Notifications,3
36,11,guardianproject.haven.md,### Remote Access,"1,3,6"
36,12,guardianproject.haven.md,## ATTRIBUTIONS,"5,6"
37,1,hazelcast.hazelcast.md,# Hazelcast,"-,1,6"
37,2,hazelcast.hazelcast.md,## ,-
37,3,hazelcast.hazelcast.md,## What is Hazelcast,1
37,4,hazelcast.hazelcast.md,## When to use Hazelcast,1
37,5,hazelcast.hazelcast.md,## Key Features,1
37,6,hazelcast.hazelcast.md,### Operational Data Store,"1,3"
37,7,hazelcast.hazelcast.md,### Stateful Data Processing,3
37,8,hazelcast.hazelcast.md,#### Data Processing using SQL,3
37,9,hazelcast.hazelcast.md,### Messaging,1
37,10,hazelcast.hazelcast.md,#### Topics,3
37,11,hazelcast.hazelcast.md,#### Queues,"3,6"
37,12,hazelcast.hazelcast.md,## Get Started,3
37,13,hazelcast.hazelcast.md,## Documentation,6
37,14,hazelcast.hazelcast.md,## Get Help,6
37,15,hazelcast.hazelcast.md,## How to Contribute,7
37,16,hazelcast.hazelcast.md,### Building From Source,3
37,17,hazelcast.hazelcast.md,### Testing,3
37,18,hazelcast.hazelcast.md,## Trigger Phrases in the Pull Request Conversation,3
37,19,hazelcast.hazelcast.md,### Creating PRs for Hazelcast SQL,
37,20,hazelcast.hazelcast.md,## License,5
37,21,hazelcast.hazelcast.md,## Acknowledgments,"1,5"
37,22,hazelcast.hazelcast.md,## Copyright,5
38,1,heibaiying.BigData-Notes.md,# BigData-Notes,3
38,2,heibaiying.BigData-Notes.md,## :black_nib: å‰  è¨€,-
38,3,heibaiying.BigData-Notes.md,## ä¸€ã€Hadoop,"-,1"
38,4,heibaiying.BigData-Notes.md,## äºŒã€Hive,-
38,5,heibaiying.BigData-Notes.md,## ä¸‰ã€Spark,-
38,6,heibaiying.BigData-Notes.md,## å››ã€Storm,-
38,7,heibaiying.BigData-Notes.md,## äº”ã€Flink,-
38,8,heibaiying.BigData-Notes.md,## å…­ã€HBase,-
38,9,heibaiying.BigData-Notes.md,## ä¸ƒã€Kafka,-
38,10,heibaiying.BigData-Notes.md,## å…«ã€Zookeeper,-
38,11,heibaiying.BigData-Notes.md,## ä¹ã€Flume,-
38,12,heibaiying.BigData-Notes.md,## åã€Sqoop,-
38,13,heibaiying.BigData-Notes.md,## åä¸€ã€Azkaban,-
38,14,heibaiying.BigData-Notes.md,## åäºŒã€Scala,-
38,15,heibaiying.BigData-Notes.md,## åä¸‰ã€å…¬å…±å†…å®¹,-
38,16,heibaiying.BigData-Notes.md,## :bookmark_tabs: å  è®°,-
39,1,HotBitmapGG.bilibili-android-client.md,# An Unofficial Bilibili Android Client,1
39,2,HotBitmapGG.bilibili-android-client.md,## Screenshots,"3,8"
39,3,HotBitmapGG.bilibili-android-client.md,## UpdateLog,"-,1,6"
39,4,HotBitmapGG.bilibili-android-client.md,## Thanks to the open source project,"1,5,6"
39,5,HotBitmapGG.bilibili-android-client.md,## Statement,"1,5"
39,6,HotBitmapGG.bilibili-android-client.md,## Recommend,"-,3"
39,7,HotBitmapGG.bilibili-android-client.md,## About me,"1,3"
39,8,HotBitmapGG.bilibili-android-client.md,## License,5
40,1,iBotPeaches.Apktool.md,### Apktool,1
40,2,iBotPeaches.Apktool.md,#### Support,"-,5,6"
40,3,iBotPeaches.Apktool.md,#### Sponsored by,
40,4,iBotPeaches.Apktool.md,#### IDE of Choice,-
40,5,iBotPeaches.Apktool.md,#### Security Vulnerabilities,6
40,6,iBotPeaches.Apktool.md,#### Links,6
41,1,iNPUTmice.Conversations.md,## Design principles,"1,3,6"
41,2,iNPUTmice.Conversations.md,## Features,"1,6"
41,3,iNPUTmice.Conversations.md,### XMPP Features,"1,6"
41,4,iNPUTmice.Conversations.md,## FAQ,"-,6"
41,5,iNPUTmice.Conversations.md,### General,6
41,6,iNPUTmice.Conversations.md,#### How do I install Conversations?,3
41,7,iNPUTmice.Conversations.md,#### I don't have a Google Account but I would still like to make a donation,"3,6"
41,8,iNPUTmice.Conversations.md,#### How do I create an account?,1
41,9,iNPUTmice.Conversations.md,##### Domain hosting,
41,10,iNPUTmice.Conversations.md,##### Running your own,"3,6"
41,11,iNPUTmice.Conversations.md,#### Where can I set up a custom hostname / port,"3,6"
41,12,iNPUTmice.Conversations.md,#### I get 'Incompatible Server',"3,6"
41,13,iNPUTmice.Conversations.md,#### I get 'Bind failure'. What does that mean?,3
41,14,iNPUTmice.Conversations.md,#### I get 'Stream opening error'. What does that mean?,
41,15,iNPUTmice.Conversations.md,#### Iâ€™m getting this annoying permanent notification,
41,16,iNPUTmice.Conversations.md,##### Android &lt;= 7.1 or Conversations from F-Droid (all Android versions),1
41,17,iNPUTmice.Conversations.md,##### Android 8.x,3
41,18,iNPUTmice.Conversations.md,##### Android 9.0+,
41,19,iNPUTmice.Conversations.md,#### How do XEP-0357: Push Notifications work?,"3,6"
41,20,iNPUTmice.Conversations.md,#### But why do I need a permanent notification if I use Google Push?,1
41,21,iNPUTmice.Conversations.md,#### Conversations doesnâ€™t work for me. Where can I get help?,6
41,22,iNPUTmice.Conversations.md,#### I need professional support with Conversations or setting up my server,"3,6"
41,23,iNPUTmice.Conversations.md,#### How does the address book integration work?,6
41,24,iNPUTmice.Conversations.md,#### I get 'delivery failed' on my messages,"1,3"
41,25,iNPUTmice.Conversations.md,#### Where can I see the status of my contacts? How can I set a status or priority?,3
41,26,iNPUTmice.Conversations.md,#### Translations,5
41,27,iNPUTmice.Conversations.md,#### How do I backup / move Conversations to a new device?,6
41,28,iNPUTmice.Conversations.md,#### Conversations is missing a certain feature,1
41,29,iNPUTmice.Conversations.md,#### You closed my feature request but I want it really really badly,1
41,30,iNPUTmice.Conversations.md,#### I need a feature and I need it now!,
41,31,iNPUTmice.Conversations.md,### Security,6
41,32,iNPUTmice.Conversations.md,#### Why are there two end-to-end encryption methods and which one should I choose?,1
41,33,iNPUTmice.Conversations.md,#### How do I use OpenPGP,3
41,34,iNPUTmice.Conversations.md,#### OMEMO is grayed out. What do I do?,5
41,35,iNPUTmice.Conversations.md,#### OMEMO doesnâ€™t work. I get a 'Something went wrong' message in the 'Trust OMEMO Fingerprints' screen.,
41,36,iNPUTmice.Conversations.md,#### How does the encryption for group chats work?,
41,37,iNPUTmice.Conversations.md,##### OMEMO,1
41,38,iNPUTmice.Conversations.md,##### OpenPGP,"3,6"
41,39,iNPUTmice.Conversations.md,#### What is Blind Trust Before Verification / why are messages marked with a red lock?,1
41,40,iNPUTmice.Conversations.md,#### What happened to OTR support?,"1,6"
41,41,iNPUTmice.Conversations.md,### What clients do I use on other platforms,3
41,42,iNPUTmice.Conversations.md,#### Windows / Linux,"3,6"
41,43,iNPUTmice.Conversations.md,#### iOS,-
41,44,iNPUTmice.Conversations.md,### Development,3
41,45,iNPUTmice.Conversations.md,#### Beta testing,3
41,46,iNPUTmice.Conversations.md,#### How do I build Conversations,"-,3,6"
41,47,iNPUTmice.Conversations.md,##### Compiling WebRTC.,3
41,48,iNPUTmice.Conversations.md,##### Building Conversations itself,3
41,49,iNPUTmice.Conversations.md,#### How do I debug Conversations,3
41,50,iNPUTmice.Conversations.md,#### I found a bug,"3,6"
42,1,janishar.mit-deep-learning-book-pdf.md,# MIT Deep Learning Book (beautiful and flawless PDF version),1
42,2,janishar.mit-deep-learning-book-pdf.md,## Project Starter Template,"1,3"
42,3,janishar.mit-deep-learning-book-pdf.md,## About The Author,"1,5"
42,4,janishar.mit-deep-learning-book-pdf.md,"## If this repository helps you in anyway, show your love :heart: by putting a :star: on this project :v:",
42,5,janishar.mit-deep-learning-book-pdf.md,### Deep Learning,6
43,1,jboss-javassist.javassist.md,### [Javassist version 3](http://www.javassist.org),"1,4"
43,2,jboss-javassist.javassist.md,#### Files,3
43,3,jboss-javassist.javassist.md,#### Hints,3
43,4,jboss-javassist.javassist.md,#### Acknowledgments,5
44,1,jeasonlzy.ImagePicker.md,# ImagePicker,-
44,2,jeasonlzy.ImagePicker.md,### ç”±äºä¸ªäººæ—¶é—´æœ‰é™ï¼Œè¯¥é¡¹ç›®åœæ­¢ç»´æŠ¤,-
44,3,jeasonlzy.ImagePicker.md,## è”ç³»æ–¹å¼,-
44,4,jeasonlzy.ImagePicker.md,## æ¼”ç¤º,-
44,5,jeasonlzy.ImagePicker.md,## 1.ç”¨æ³•,-
44,6,jeasonlzy.ImagePicker.md,## 2.åŠŸèƒ½å’Œå‚æ•°å«ä¹‰,"-,4"
44,7,jeasonlzy.ImagePicker.md,"### æ¸©é¦¨æç¤º:ç›®å‰åº“ä¸­çš„é¢„è§ˆç•Œé¢æœ‰ä¸ªåŸå›¾çš„å¤é€‰æ¡†,æš‚æ—¶åªåšäº†UI,è¿˜æ²¡æœ‰åšå‹ç¼©çš„é€»è¾‘",-
44,8,jeasonlzy.ImagePicker.md,## 3.ä»£ç å‚è€ƒ,-
44,9,jeasonlzy.ImagePicker.md,## æ›´æ–°æ—¥å¿—,-
44,10,jeasonlzy.ImagePicker.md,## Licenses,-
45,1,jhy.jsoup.md,# jsoup: Java HTML Parser,"1,6"
45,2,jhy.jsoup.md,## Example,3
45,3,jhy.jsoup.md,## Open source,6
45,4,jhy.jsoup.md,## Getting started,3
45,5,jhy.jsoup.md,### Android support,"1,6"
45,6,jhy.jsoup.md,## Development and support,6
45,7,jhy.jsoup.md,## Status,4
46,1,jitsi.jitsi.md,# Jitsi Desktop,"1,6"
46,2,jitsi.jitsi.md,## Support,5
46,3,jitsi.jitsi.md,## Installation,3
46,4,jitsi.jitsi.md,### Releases,
46,5,jitsi.jitsi.md,#### Windows and macOS,"1,3"
46,6,jitsi.jitsi.md,#### Ubuntu,3
46,7,jitsi.jitsi.md,#### Debian,3
46,8,jitsi.jitsi.md,#### RPM Distros,3
46,9,jitsi.jitsi.md,### Snapshots,
46,10,jitsi.jitsi.md,## Helpful Resources,6
46,11,jitsi.jitsi.md,## Contributing,7
47,1,justauth.JustAuth.md,## ,"-,1"
47,2,justauth.JustAuth.md,## ,-
47,3,justauth.JustAuth.md,## ä»€ä¹ˆæ˜¯ JustAuthï¼Ÿ,-
47,4,justauth.JustAuth.md,## æœ‰å“ªäº›ç‰¹ç‚¹ï¼Ÿ,-
47,5,justauth.JustAuth.md,## æœ‰å“ªäº›åŠŸèƒ½ï¼Ÿ,-
47,6,justauth.JustAuth.md,## å¿«é€Ÿå¼€å§‹,-
47,7,justauth.JustAuth.md,### å¼•å…¥ä¾èµ–,
47,8,justauth.JustAuth.md,## èµåŠ©å’Œæ”¯æŒ,-
47,9,justauth.JustAuth.md,## JustAuth çš„ç”¨æˆ·,-
47,10,justauth.JustAuth.md,## å¼€æºæ¨è,-
47,11,justauth.JustAuth.md,## é¸£è°¢,-
47,12,justauth.JustAuth.md,## å…¶ä»–,-
47,13,justauth.JustAuth.md,## è´¡çŒ®è€…åˆ—è¡¨,-
47,14,justauth.JustAuth.md,## Stars è¶‹åŠ¿,-
47,15,justauth.JustAuth.md,### Gitee,"-,1,6"
47,16,justauth.JustAuth.md,### Github,6
47,17,justauth.JustAuth.md,### ProductHunt,"-,1,6"
48,1,kevin-wayne.algs4.md,## Overview,1
48,2,kevin-wayne.algs4.md,## Design goals,"1,6"
48,3,kevin-wayne.algs4.md,## Build managers,3
48,4,kevin-wayne.algs4.md,"## Coursera Algorithms, Part I and II students",3
48,5,kevin-wayne.algs4.md,## Copyright,5
48,6,kevin-wayne.algs4.md,## License,5
48,7,kevin-wayne.algs4.md,## Contribute to this repository,7
48,8,kevin-wayne.algs4.md,## Support for other programming languages,"1,6"
48,9,kevin-wayne.algs4.md,## Credits,5
49,1,kikoso.android-stackblur.md,# Android StackBlur,1
49,2,kikoso.android-stackblur.md,## Acknowledgements,5
49,3,kikoso.android-stackblur.md,## Usage,3
49,4,kikoso.android-stackblur.md,## Version history,4
49,5,kikoso.android-stackblur.md,## Next steps,7
49,6,kikoso.android-stackblur.md,## Developed By,"5,6"
50,1,killme2008.aviatorscript.md,# AviatorScript,6
50,2,killme2008.aviatorscript.md,## ,-
50,3,killme2008.aviatorscript.md,# ç‰¹æ€§ä»‹ç»,-
50,4,killme2008.aviatorscript.md,# News,5
50,5,killme2008.aviatorscript.md,# Dependency,3
50,6,killme2008.aviatorscript.md,# å¿«é€Ÿå¼€å§‹,-
50,7,killme2008.aviatorscript.md,# Links,6
51,1,knowm.XChange.md,## [![XChange](https://raw.githubusercontent.com/knowm/XChange/develop/etc/XChange_64_64.png)](http://knowm.org/open-source/xchange) XChange,1
51,2,knowm.XChange.md,## Important!,
51,3,knowm.XChange.md,## Description,1
51,4,knowm.XChange.md,## REST API,6
51,5,knowm.XChange.md,#### Public Market Data,3
51,6,knowm.XChange.md,#### Private Account Info,3
51,7,knowm.XChange.md,## Websocket API,3
51,8,knowm.XChange.md,## More information,6
51,9,knowm.XChange.md,## Features,1
51,10,knowm.XChange.md,## More Info,6
51,11,knowm.XChange.md,## Wiki,6
51,12,knowm.XChange.md,## Continuous Integration,"3,6"
51,13,knowm.XChange.md,## Getting Started,3
51,14,knowm.XChange.md,### Non-Maven,3
51,15,knowm.XChange.md,### Maven,3
51,16,knowm.XChange.md,## Building with Maven,3
51,17,knowm.XChange.md,## Instruction                 | Command,3
51,18,knowm.XChange.md,## Bugs,7
51,19,knowm.XChange.md,## Contributing,7
52,1,koush.ion.md,#### Download,"1,3"
52,2,koush.ion.md,#### Features,1
52,3,koush.ion.md,#### Samples,3
52,4,koush.ion.md,#### More Examples,"3,6"
52,5,koush.ion.md,#### Get JSON,"-,3"
52,6,koush.ion.md,#### Post JSON and read JSON,3
52,7,koush.ion.md,#### Post application/x-www-form-urlencoded and read a String,3
52,8,koush.ion.md,#### Post multipart/form-data and read JSON with an upload progress bar,3
52,9,koush.ion.md,#### Download a File with a progress bar,3
52,10,koush.ion.md,#### Setting Headers,3
52,11,koush.ion.md,#### Load an image into an ImageView,3
52,12,koush.ion.md,#### Futures,"3,6"
52,13,koush.ion.md,#### Cancelling Requests,"3,6"
52,14,koush.ion.md,#### Blocking on Requests,3
52,15,koush.ion.md,#### Seamlessly use your own Java classes with [Gson](https://code.google.com/p/google-gson/),"3,6"
52,16,koush.ion.md,#### Logging,3
52,17,koush.ion.md,#### Request Groups,3
52,18,koush.ion.md,#### Proxy Servers (like Charles Proxy),3
52,19,koush.ion.md,#### Viewing Received Headers,"3,6"
52,20,koush.ion.md,#### Get Ion,-
52,21,koush.ion.md,##### Maven,3
52,22,koush.ion.md,##### Gradle,-
52,23,koush.ion.md,##### Local Checkout (with [AndroidAsync](https://github.com/koush/AndroidAsync) dependency),3
52,24,koush.ion.md,#### Hack in Eclipse,3
52,25,koush.ion.md,#### Projects using ion,6
53,1,ksoichiro.Android-ObservableScrollView.md,# Android-ObservableScrollView,1
53,2,ksoichiro.Android-ObservableScrollView.md,## Examples,"3,6"
53,3,ksoichiro.Android-ObservableScrollView.md,### Download from Google Play,3
53,4,ksoichiro.Android-ObservableScrollView.md,### Download from wercker,3
53,5,ksoichiro.Android-ObservableScrollView.md,### Install manually,"-,3"
53,6,ksoichiro.Android-ObservableScrollView.md,## Usage,"3,6"
53,7,ksoichiro.Android-ObservableScrollView.md,## Reference,6
53,8,ksoichiro.Android-ObservableScrollView.md,## Apps that use this library,1
53,9,ksoichiro.Android-ObservableScrollView.md,## Contributions,7
53,10,ksoichiro.Android-ObservableScrollView.md,## Developed By,5
53,11,ksoichiro.Android-ObservableScrollView.md,## Thanks,"1,5"
53,12,ksoichiro.Android-ObservableScrollView.md,## License,5
54,1,KunMinX.Jetpack-MVVM-Best-Practice.md,# ç‰ˆæƒå£°æ˜,-
54,2,KunMinX.Jetpack-MVVM-Best-Practice.md,# æ¶æ„å›¾ä¸€è§ˆ,-
54,3,KunMinX.Jetpack-MVVM-Best-Practice.md,# å‰è¨€,-
54,4,KunMinX.Jetpack-MVVM-Best-Practice.md,# é¡¹ç›®ç®€ä»‹,-
54,5,KunMinX.Jetpack-MVVM-Best-Practice.md,# Thanks to,"5,6"
54,6,KunMinX.Jetpack-MVVM-Best-Practice.md,# Who is using,
54,7,KunMinX.Jetpack-MVVM-Best-Practice.md,# My Pages,1
54,8,KunMinX.Jetpack-MVVM-Best-Practice.md,# License,5
55,1,lenve.vhr.md,## é¡¹ç›®ä»‹ç»,-
55,2,lenve.vhr.md,### é¡¹ç›®æŠ€æœ¯æ ˆ,-
55,3,lenve.vhr.md,#### åç«¯æŠ€æœ¯æ ˆ,-
55,4,lenve.vhr.md,#### å‰ç«¯æŠ€æœ¯æ ˆ,-
55,5,lenve.vhr.md,### é¡¹ç›®æ•ˆæœå›¾,-
55,6,lenve.vhr.md,## å¿«é€Ÿéƒ¨ç½²,-
55,7,lenve.vhr.md,## æ–‡æ¡£,-
55,8,lenve.vhr.md,### æ›´æ–°è®°å½•,-
55,9,lenve.vhr.md,### 2018.1.10 æ›´æ–°,"-,4"
55,10,lenve.vhr.md,#### ç›¸å…³æ–‡æ¡£ï¼š,-
55,11,lenve.vhr.md,### 2018.1.12 æ›´æ–°,"-,4"
55,12,lenve.vhr.md,#### ç›¸å…³æ–‡æ¡£ï¼š,-
55,13,lenve.vhr.md,### 2018.1.15 æ›´æ–°,"-,4"
55,14,lenve.vhr.md,#### ç›¸å…³æ–‡æ¡£ï¼š,-
55,15,lenve.vhr.md,### 2018.1.16 æ›´æ–°,"-,4"
55,16,lenve.vhr.md,#### ç›¸å…³æ–‡æ¡£ï¼š,-
55,17,lenve.vhr.md,### 2018.1.17 æ›´æ–°,"-,4"
55,18,lenve.vhr.md,#### ç›¸å…³æ–‡æ¡£ï¼š,-
55,19,lenve.vhr.md,### 2018.1.19 æ›´æ–°,-
55,20,lenve.vhr.md,#### ç›¸å…³æ–‡æ¡£ï¼š,-
55,21,lenve.vhr.md,### 2018.1.25 æ›´æ–°,"-,4"
55,22,lenve.vhr.md,#### ç›¸å…³æ–‡æ¡£ï¼š,-
55,23,lenve.vhr.md,### 2018.1.26 æ›´æ–°,"-,4"
55,24,lenve.vhr.md,#### ç›¸å…³æ–‡æ¡£ï¼š,-
55,25,lenve.vhr.md,### 2018.2.2 æ›´æ–°,"-,4"
55,26,lenve.vhr.md,#### ç›¸å…³æ–‡æ¡£ï¼š,-
55,27,lenve.vhr.md,### 2018.2.5 æ›´æ–°,"-,4"
55,28,lenve.vhr.md,#### ç›¸å…³æ–‡æ¡£ï¼š,-
55,29,lenve.vhr.md,### 2019.12.22 æ›´æ–°,-
55,30,lenve.vhr.md,#### ç›¸å…³æ–‡æ¡£,-
55,31,lenve.vhr.md,## å…¶ä»–èµ„æ–™,-
55,32,lenve.vhr.md,## å‚è€ƒ,-
55,33,lenve.vhr.md,## License,5
56,1,lets-blade.blade.md,## What Is Blade?,1
56,2,lets-blade.blade.md,## Features,1
56,3,lets-blade.blade.md,## Overview,1
56,4,lets-blade.blade.md,## Quick Start,3
56,5,lets-blade.blade.md,## Contents,3
56,6,lets-blade.blade.md,## Register Route,3
56,7,lets-blade.blade.md,### HardCode,"-,3"
56,8,lets-blade.blade.md,### `Controller`,"-,3"
56,9,lets-blade.blade.md,## Request Parameter,6
56,10,lets-blade.blade.md,### URL Parameter,3
56,11,lets-blade.blade.md,### Form Parameter,3
56,12,lets-blade.blade.md,### Path Parameter,3
56,13,lets-blade.blade.md,### Body Parameter,3
56,14,lets-blade.blade.md,### Parse To Model,3
56,15,lets-blade.blade.md,## Get Environment,3
56,16,lets-blade.blade.md,## Get Header,3
56,17,lets-blade.blade.md,## Get Cookie,3
56,18,lets-blade.blade.md,## Static Resource,3
56,19,lets-blade.blade.md,## Upload File,3
56,20,lets-blade.blade.md,## Download File,3
56,21,lets-blade.blade.md,## Set Session,3
56,22,lets-blade.blade.md,## Render To Browser,-
56,23,lets-blade.blade.md,### Render Response,"3,6"
56,24,lets-blade.blade.md,### Render Text,3
56,25,lets-blade.blade.md,### Render Html,"-,3"
56,26,lets-blade.blade.md,## Render Template,3
56,27,lets-blade.blade.md,### Default Template,3
56,28,lets-blade.blade.md,### Jetbrick Template,3
56,29,lets-blade.blade.md,## Redirects,3
56,30,lets-blade.blade.md,## Write Cookie,3
56,31,lets-blade.blade.md,## Web Hook,1
56,32,lets-blade.blade.md,## Logging,3
56,33,lets-blade.blade.md,## Basic Auth,3
56,34,lets-blade.blade.md,## Change Server Port,3
56,35,lets-blade.blade.md,## Configuration SSL,3
56,36,lets-blade.blade.md,## Custom Exception Handler,"3,6"
56,37,lets-blade.blade.md,## Change Logs,6
56,38,lets-blade.blade.md,## Contact,5
56,39,lets-blade.blade.md,## Contributors,5
56,40,lets-blade.blade.md,## Licenses,"-,5"
57,1,liaohuqiu.android-Ultra-Pull-To-Refresh.md,###### Welcome to follow me on GitHub or Twitter,"1,5"
57,2,liaohuqiu.android-Ultra-Pull-To-Refresh.md,## ,-
57,3,liaohuqiu.android-Ultra-Pull-To-Refresh.md,#### [ä¸­æ–‡ç‰ˆæ–‡æ¡£](https://github.com/liaohuqiu/android-Ultra-Pull-To-Refresh/blob/master/README-cn.md),
57,4,liaohuqiu.android-Ultra-Pull-To-Refresh.md,# Ultra Pull To Refresh,1
57,5,liaohuqiu.android-Ultra-Pull-To-Refresh.md,# Usage,3
57,6,liaohuqiu.android-Ultra-Pull-To-Refresh.md,#### Maven Central,3
57,7,liaohuqiu.android-Ultra-Pull-To-Refresh.md,#### Config,
57,8,liaohuqiu.android-Ultra-Pull-To-Refresh.md,##### Config in xml,3
57,9,liaohuqiu.android-Ultra-Pull-To-Refresh.md,### Or config in java code,3
57,10,liaohuqiu.android-Ultra-Pull-To-Refresh.md,### Other Config,
57,11,liaohuqiu.android-Ultra-Pull-To-Refresh.md,## StoreHouse Style,3
57,12,liaohuqiu.android-Ultra-Pull-To-Refresh.md,# Process Refresh,"1,3"
57,13,liaohuqiu.android-Ultra-Pull-To-Refresh.md,# Customize,3
57,14,liaohuqiu.android-Ultra-Pull-To-Refresh.md,# Q & A,
57,15,liaohuqiu.android-Ultra-Pull-To-Refresh.md,# Contact & Help,"5,6"
58,1,lionsoul2014.ip2region.md,# Ip2region æ˜¯ä»€ä¹ˆ,-
58,2,lionsoul2014.ip2region.md,# Ip2region ç‰¹æ€§,-
58,3,lionsoul2014.ip2region.md,### 1ã€æ ‡å‡†åŒ–çš„æ•°æ®æ ¼å¼,-
58,4,lionsoul2014.ip2region.md,### 2ã€æ•°æ®å»é‡å’Œå‹ç¼©,-
58,5,lionsoul2014.ip2region.md,### 3ã€æé€ŸæŸ¥è¯¢å“åº”,-
58,6,lionsoul2014.ip2region.md,### 4ã€IP æ•°æ®ç®¡ç†æ¡†æ¶,-
58,7,lionsoul2014.ip2region.md,# `xdb` æ•°æ®æŸ¥è¯¢,-
58,8,lionsoul2014.ip2region.md,# `xdb` æ•°æ®ç”Ÿæˆ,-
58,9,lionsoul2014.ip2region.md,# `xdb` æ•°æ®æ›´æ–°,-
58,10,lionsoul2014.ip2region.md,### æ‰‹åŠ¨ç¼–è¾‘æ›´æ–°,-
58,11,lionsoul2014.ip2region.md,### çˆ¬è™«è‡ªåŠ¨æ›´æ–°,-
58,12,lionsoul2014.ip2region.md,# ç›¸å…³å¤‡æ³¨,-
58,13,lionsoul2014.ip2region.md,### 1ã€å¹¶å‘æŸ¥è¯¢å¿…è¯»,-
58,14,lionsoul2014.ip2region.md,### 2ã€æŠ€æœ¯äº¤æµç¤¾åŒº,-
58,15,lionsoul2014.ip2region.md,### 3ã€æŠ€æœ¯èµ„æºåˆ†äº«,-
59,1,lucasr.twoway-view.md,# TwoWayView,"1,3,8"
59,2,lucasr.twoway-view.md,# Features,1
59,3,lucasr.twoway-view.md,# Snapshot,3
59,4,lucasr.twoway-view.md,# Stable Release,3
59,5,lucasr.twoway-view.md,# Want to help?,6
59,6,lucasr.twoway-view.md,# License,5
60,1,lygttpod.SuperTextView.md,# SuperTextView,"-,1,6"
60,2,lygttpod.SuperTextView.md,### é‡ç£…æ¨å‡ºSuperTextView2.xç‰ˆæœ¬ï¼Œå±æ€§å‚æ•°ç›¸æ¯”1.xæœ‰äº›å˜åŒ–ï¼Œ1.xçš„ç”¨æˆ·å‡çº§2.xçš„æ—¶å€™è¯·æ³¨æ„,"-,4"
60,3,lygttpod.SuperTextView.md,## 1ã€åŠŸèƒ½æè¿°,-
60,4,lygttpod.SuperTextView.md,## 2ã€ æ•ˆæœ [**Demoä¸‹è½½åœ°å€**]( https://fir.im/eft1),-
60,5,lygttpod.SuperTextView.md,## 3ã€å¦‚ä½•ä½¿ç”¨,"-,4"
60,6,lygttpod.SuperTextView.md,### 3.1ã€Android Studioå¯¼å…¥æ–¹æ³•ï¼Œæ·»åŠ Gradleä¾èµ–,-
60,7,lygttpod.SuperTextView.md,### 3.2ã€é¡¹ç›®ä¸­å¦‚ä½•ä½¿ç”¨,"-,4"
60,8,lygttpod.SuperTextView.md,#### 3.2.1ã€å¸ƒå±€ä¸­å¦‚ä½•ä½¿ç”¨ï¼ˆç¤ºä¾‹ä¸­åªåˆ—å‡ºéƒ¨åˆ†å±æ€§ï¼Œå¼€å‘è€…å¯æ ¹æ®å…·ä½“éœ€æ±‚ä½¿ç”¨å…¶ä»–å±æ€§ï¼‰,-
60,9,lygttpod.SuperTextView.md,#### 3.2.2ã€ä»£ç ä¸­å¦‚ä½•ä½¿ç”¨,-
60,10,lygttpod.SuperTextView.md,#### 3.2.3ç‚¹å‡»äº‹ä»¶ï¼ˆå¯æ ¹æ®éœ€æ±‚é€‰æ‹©å®ç°å•ä¸ªæˆ–è€…å¤šä¸ªç‚¹å‡»äº‹ä»¶ï¼‰,-
60,11,lygttpod.SuperTextView.md,#### 3.2.4ä½¿ç”¨ç¬¬ä¸‰æ–¹åº“(Picassoæˆ–è€…Glide)åŠ è½½ç½‘ç»œå›¾ç‰‡,-
60,12,lygttpod.SuperTextView.md,#### 3.2.5ã€å±æ€§è¯´æ˜(ä»¥ä¸‹å±æ€§å…¨éƒ¨å¯ä»¥é€šè¿‡xmlæ–‡ä»¶é…ç½®å’Œä»£ç è¿›è¡Œè®¾ç½®),-
60,13,lygttpod.SuperTextView.md,## å±æ€§å | å­—æ®µ | æè¿° | é»˜è®¤å€¼,-
60,14,lygttpod.SuperTextView.md,# 4ã€[æ›´æ–°æ—¥å¿—](https://github.com/lygttpod/SuperTextView/releases),-
60,15,lygttpod.SuperTextView.md,# æ„è§åé¦ˆ,-
60,16,lygttpod.SuperTextView.md,## ä»£ç æ˜¯æœ€å¥½çš„è€å¸ˆï¼Œæ›´å¤šè¯¦ç»†ç”¨æ³•è¯·æŸ¥çœ‹ [demo](https://github.com/lygttpod/SuperTextView/tree/master/app):feet:,-
60,17,lygttpod.SuperTextView.md,# License,5
61,1,macrozheng.mall.md,# mall,"-,1,6"
61,2,macrozheng.mall.md,## å‹æƒ…æç¤º,-
61,3,macrozheng.mall.md,## å‰è¨€,-
61,4,macrozheng.mall.md,## é¡¹ç›®æ–‡æ¡£,-
61,5,macrozheng.mall.md,## é¡¹ç›®ä»‹ç»,-
61,6,macrozheng.mall.md,### é¡¹ç›®æ¼”ç¤º,-
61,7,macrozheng.mall.md,#### åå°ç®¡ç†ç³»ç»Ÿ,-
61,8,macrozheng.mall.md,#### å‰å°å•†åŸç³»ç»Ÿ,-
61,9,macrozheng.mall.md,### ç»„ç»‡ç»“æ„,-
61,10,macrozheng.mall.md,### æŠ€æœ¯é€‰å‹,-
61,11,macrozheng.mall.md,#### åç«¯æŠ€æœ¯,"-,6"
61,12,macrozheng.mall.md,#### å‰ç«¯æŠ€æœ¯,-
61,13,macrozheng.mall.md,#### æ¶æ„å›¾,-
61,14,macrozheng.mall.md,##### ç³»ç»Ÿæ¶æ„å›¾,-
61,15,macrozheng.mall.md,##### ä¸šåŠ¡æ¶æ„å›¾,-
61,16,macrozheng.mall.md,#### æ¨¡å—ä»‹ç»,-
61,17,macrozheng.mall.md,##### åå°ç®¡ç†ç³»ç»Ÿ `mall-admin`,-
61,18,macrozheng.mall.md,##### å‰å°å•†åŸç³»ç»Ÿ `mall-portal`,-
61,19,macrozheng.mall.md,#### å¼€å‘è¿›åº¦,-
61,20,macrozheng.mall.md,## ç¯å¢ƒæ­å»º,-
61,21,macrozheng.mall.md,### å¼€å‘å·¥å…·,-
61,22,macrozheng.mall.md,### å¼€å‘ç¯å¢ƒ,-
61,23,macrozheng.mall.md,### æ­å»ºæ­¥éª¤,-
61,24,macrozheng.mall.md,## å…¬ä¼—å·,-
61,25,macrozheng.mall.md,## è®¸å¯è¯,5
62,1,mcxiaoke.packer-ng-plugin.md,# Packer-NG Gradle Plugin V2,"1,6"
62,2,mcxiaoke.packer-ng-plugin.md,### æç¤ºï¼šæœ¬é¡¹ç›®å·²åœæ­¢æ–°åŠŸèƒ½å¼€å‘ï¼Œæœ‰éœ€è¦çš„è¯·è‡ªè¡ŒForkä¿®æ”¹,-
62,3,mcxiaoke.packer-ng-plugin.md,## ç‰¹åˆ«æç¤º,-
62,4,mcxiaoke.packer-ng-plugin.md,## é¡¹ç›®ä»‹ç»,-
62,5,mcxiaoke.packer-ng-plugin.md,## ä½¿ç”¨æŒ‡å—,-
62,6,mcxiaoke.packer-ng-plugin.md,### ä¿®æ”¹é¡¹ç›®é…ç½®,-
62,7,mcxiaoke.packer-ng-plugin.md,### ä¿®æ”¹æ¨¡å—é…ç½®,-
62,8,mcxiaoke.packer-ng-plugin.md,### æ’ä»¶é…ç½®ç¤ºä¾‹,-
62,9,mcxiaoke.packer-ng-plugin.md,### æ¸ é“åˆ—è¡¨æ ¼å¼,-
62,10,mcxiaoke.packer-ng-plugin.md,### é›†æˆæ‰“åŒ…,-
62,11,mcxiaoke.packer-ng-plugin.md,### è„šæœ¬æ‰“åŒ…,"-,3"
62,12,mcxiaoke.packer-ng-plugin.md,### ä»£ç ä¸­è¯»å–æ¸ é“,-
62,13,mcxiaoke.packer-ng-plugin.md,### æ–‡ä»¶åæ ¼å¼æ¨¡ç‰ˆ,-
62,14,mcxiaoke.packer-ng-plugin.md,## ,-
62,15,mcxiaoke.packer-ng-plugin.md,## å…¶å®ƒè¯´æ˜,-
62,16,mcxiaoke.packer-ng-plugin.md,## ,-
62,17,mcxiaoke.packer-ng-plugin.md,## å…³äºä½œè€…,-
62,18,mcxiaoke.packer-ng-plugin.md,### è”ç³»æ–¹å¼,-
62,19,mcxiaoke.packer-ng-plugin.md,### å¼€æºé¡¹ç›®,-
62,20,mcxiaoke.packer-ng-plugin.md,## ,-
62,21,mcxiaoke.packer-ng-plugin.md,## License,5
63,1,medcl.elasticsearch-analysis-ik.md,# IK Analysis for Elasticsearch,"1,6"
63,2,medcl.elasticsearch-analysis-ik.md,## Versions,4
63,3,medcl.elasticsearch-analysis-ik.md,## IK version | ES version,"3,6"
63,4,medcl.elasticsearch-analysis-ik.md,## Install,3
63,5,medcl.elasticsearch-analysis-ik.md,#### Quick Example,3
63,6,medcl.elasticsearch-analysis-ik.md,### Dictionary Configuration,3
63,7,medcl.elasticsearch-analysis-ik.md,### çƒ­æ›´æ–° IK åˆ†è¯ä½¿ç”¨æ–¹æ³•,
63,8,medcl.elasticsearch-analysis-ik.md,## å¸¸è§é—®é¢˜,-
63,9,medcl.elasticsearch-analysis-ik.md,## Changes,4
63,10,medcl.elasticsearch-analysis-ik.md,## Thanks,1
64,1,Meituan-Dianping.Leaf.md,# Leaf,-
64,2,Meituan-Dianping.Leaf.md,## Introduction,1
64,3,Meituan-Dianping.Leaf.md,## Quick Start,3
64,4,Meituan-Dianping.Leaf.md,### Leaf Server,1
64,5,Meituan-Dianping.Leaf.md,#### run Leaf Server,"-,3"
64,6,Meituan-Dianping.Leaf.md,##### build,3
64,7,Meituan-Dianping.Leaf.md,##### run,"-,3"
64,8,Meituan-Dianping.Leaf.md,###### maven,3
64,9,Meituan-Dianping.Leaf.md,###### shell command,3
64,10,Meituan-Dianping.Leaf.md,##### test,3
64,11,Meituan-Dianping.Leaf.md,#### Configuration,3
64,12,Meituan-Dianping.Leaf.md,### Segment mode ,3
64,13,Meituan-Dianping.Leaf.md,### Snowflake mode ,3
64,14,Meituan-Dianping.Leaf.md,### monitor page,"3,6"
64,15,Meituan-Dianping.Leaf.md,### Leaf Core ,3
64,16,Meituan-Dianping.Leaf.md,#### Attention,3
65,1,mercyblitz.tech-weekly.md,# ã€Œå°é©¬å“¥æŠ€æœ¯å‘¨æŠ¥ã€,-
65,2,mercyblitz.tech-weekly.md,## ä¸»æ’­ä»‹ç»,-
65,3,mercyblitz.tech-weekly.md,## è‘—ä¹¦,"-,1"
65,4,mercyblitz.tech-weekly.md,## çº¿ä¸Šåˆ†äº«,-
65,5,mercyblitz.tech-weekly.md,### å…è´¹åˆ†äº«,-
65,6,mercyblitz.tech-weekly.md,### æ”¶è´¹åˆ†äº«,-
65,7,mercyblitz.tech-weekly.md,## æ²Ÿé€šäº¤æµ,"-,4"
65,8,mercyblitz.tech-weekly.md,## å¾€æœŸå½•æ’­,-
65,9,mercyblitz.tech-weekly.md,## å¼€æºé¡¹ç›®,"-,6"
66,1,micrometer-metrics.micrometer.md,# Micrometer Application Metrics,"3,6"
66,2,micrometer-metrics.micrometer.md,## Supported versions,1
66,3,micrometer-metrics.micrometer.md,## Join the discussion,6
66,4,micrometer-metrics.micrometer.md,## Snapshot builds,3
66,5,micrometer-metrics.micrometer.md,## Milestone releases,3
66,6,micrometer-metrics.micrometer.md,## Documentation,6
66,7,micrometer-metrics.micrometer.md,## Contributing,7
66,8,micrometer-metrics.micrometer.md,## ,-
67,1,microsoft.malmo.md,# MalmÃ¶ #,
67,2,microsoft.malmo.md,## [![Join the chat at https://gitter.im/Microsoft/malmo](https://badges.gitter.im/Microsoft/malmo.svg)](https://gitter.im/Microsoft/malmo?utm_source=badge&utm_medium=badge&utm_campaign=pr-badge&utm_content=badge) [![Build Status](https://travis-ci.org/Microsoft/malmo.svg?branch=master)](https://travis-ci.org/Microsoft/malmo) [![license](https://img.shields.io/github/license/mashape/apistatus.svg?maxAge=2592000)](https://github.com/Microsoft/malmo/blob/master/LICENSE.txt),"-,1,6"
67,3,microsoft.malmo.md,## Getting Started ##,3
67,4,microsoft.malmo.md,### MalmoEnv ###,3
67,5,microsoft.malmo.md,### Malmo as a native Python wheel ###,3
67,6,microsoft.malmo.md,## ,-
67,7,microsoft.malmo.md,## Problems: ##,6
67,8,microsoft.malmo.md,## ,-
67,9,microsoft.malmo.md,## Launching Minecraft with our Mod: ##,3
67,10,microsoft.malmo.md,## ,-
67,11,microsoft.malmo.md,## Launch an agent: ##,3
67,12,microsoft.malmo.md,#### Running a Python agent: ####,3
67,13,microsoft.malmo.md,#### Running a C++ agent: ####,3
67,14,microsoft.malmo.md,#### Running a C# agent: ####,3
67,15,microsoft.malmo.md,#### Running a Java agent: ####,
67,16,microsoft.malmo.md,#### Running an Atari agent: (Linux only) ####,3
67,17,microsoft.malmo.md,## ,-
67,18,microsoft.malmo.md,# Citations #,6
67,19,microsoft.malmo.md,## ,-
67,20,microsoft.malmo.md,# Code of Conduct #,"5,6"
68,1,MiguelCatalan.MaterialSearchView.md,# MaterialSearchView,1
68,2,MiguelCatalan.MaterialSearchView.md,#Native version,
68,3,MiguelCatalan.MaterialSearchView.md,# Usage,3
68,4,MiguelCatalan.MaterialSearchView.md,# Use VoiceSearch,"3,6"
68,5,MiguelCatalan.MaterialSearchView.md,# Add suggestions,3
68,6,MiguelCatalan.MaterialSearchView.md,# Style it!,
68,7,MiguelCatalan.MaterialSearchView.md,#Custom cursor,3
68,8,MiguelCatalan.MaterialSearchView.md,# Using AppBarLayout?,3
68,9,MiguelCatalan.MaterialSearchView.md,# Bonus,3
68,10,MiguelCatalan.MaterialSearchView.md,# Help me,"1,6,7"
68,11,MiguelCatalan.MaterialSearchView.md,# License,5
70,1,mockito.mockito.md,## Current version is 4.x,"4,6"
70,2,mockito.mockito.md,## Mockito for enterprise,
70,3,mockito.mockito.md,## Development,"4,6"
70,4,mockito.mockito.md,## More information,6
70,5,mockito.mockito.md,## Need help?,"1,6"
70,6,mockito.mockito.md,## How to develop Mockito?,3
70,7,mockito.mockito.md,## How to release new version?,4
71,1,navasmdc.MaterialDesignLibrary.md,# Material Design Android Library,1
71,2,navasmdc.MaterialDesignLibrary.md,## How to use,3
72,1,nytimes.Store.md,### The Problems:,"3,6"
72,2,nytimes.Store.md,### Overview,"1,6"
72,3,nytimes.Store.md,### How to include in your project,
72,4,nytimes.Store.md,###### Include gradle dependency,-
72,5,nytimes.Store.md,###### Set the source & target compatibilities to `1.8`,3
72,6,nytimes.Store.md,### Fully Configured Store,3
72,7,nytimes.Store.md,### Creating a Store,-
72,8,nytimes.Store.md,### Our Key implementation - Barcodes,"3,6"
72,9,nytimes.Store.md,"### Public Interface - Get, Fetch, Stream, GetRefreshing",
72,10,nytimes.Store.md,### Busting through the cache,3
72,11,nytimes.Store.md,### Stream,"-,3,8"
72,12,nytimes.Store.md,### Get Refreshing,-
72,13,nytimes.Store.md,### Inflight Debouncer,-
72,14,nytimes.Store.md,### Adding a Parser,"3,6"
72,15,nytimes.Store.md,### Middleware - GsonSourceParser,"3,6"
72,16,nytimes.Store.md,### Disk Caching,6
72,17,nytimes.Store.md,### Middleware - SourcePersister & FileSystem,"3,6"
72,18,nytimes.Store.md,### RecordProvider,-
72,19,nytimes.Store.md,### Subclassing a Store,3
72,20,nytimes.Store.md,### Artifacts,3
72,21,nytimes.Store.md,### Sample Project,"3,6"
72,22,nytimes.Store.md,### Talks,6
72,23,nytimes.Store.md,### Community projects,6
73,1,ongakuer.CircleIndicator.md,# CircleIndicator,
73,2,ongakuer.CircleIndicator.md,## Gradle,"-,6"
73,3,ongakuer.CircleIndicator.md,##### AndroidX,"-,3"
73,4,ongakuer.CircleIndicator.md,##### Android Support Library,
73,5,ongakuer.CircleIndicator.md,## Usage,3
73,6,ongakuer.CircleIndicator.md,##### ViewPager (CircleIndicator),"-,3"
73,7,ongakuer.CircleIndicator.md,##### RecyclerView (CircleIndicator2),3
73,8,ongakuer.CircleIndicator.md,##### ViewPager2 (CircleIndicator3),"3,4"
73,9,ongakuer.CircleIndicator.md,##### Manual control,"3,6"
73,10,ongakuer.CircleIndicator.md,## XML Properties,3
74,1,OpenFeign.feign.md,# Feign makes writing Java http clients easier,"1,6"
74,2,OpenFeign.feign.md,## ,-
74,3,OpenFeign.feign.md,### Why Feign and not X?,"1,6"
74,4,OpenFeign.feign.md,### How does Feign work?,"1,3"
74,5,OpenFeign.feign.md,### Java Version Compatibility,4
74,6,OpenFeign.feign.md,## Feature overview,1
74,7,OpenFeign.feign.md,# Roadmap,4
74,8,OpenFeign.feign.md,## Feign 11 and beyond,
74,9,OpenFeign.feign.md,## Short Term - What we're working on now. â°,6
74,10,OpenFeign.feign.md,## Medium Term - What's up next. â²,
74,11,OpenFeign.feign.md,## Long Term - The future â˜ï¸,"-,6"
74,12,OpenFeign.feign.md,## ,-
74,13,OpenFeign.feign.md,### Basics,3
74,14,OpenFeign.feign.md,### Interface Annotations,3
74,15,OpenFeign.feign.md,#### Undefined vs. Empty Values ####,3
74,16,OpenFeign.feign.md,##### Custom Expansion,3
74,17,OpenFeign.feign.md,#### Request Headers Expansion,"3,6"
75,1,openjdk.jdk.md,# Welcome to the JDK!,
76,1,openzipkin.zipkin.md,# zipkin,"1,3"
76,2,openzipkin.zipkin.md,## Quick-start,3
76,3,openzipkin.zipkin.md,### Zipkin Slim,3
76,4,openzipkin.zipkin.md,## Core Library,3
76,5,openzipkin.zipkin.md,## Storage Component,3
76,6,openzipkin.zipkin.md,### In-Memory,1
76,7,openzipkin.zipkin.md,### Cassandra,3
76,8,openzipkin.zipkin.md,### Elasticsearch,3
76,9,openzipkin.zipkin.md,### Disabling search,
76,10,openzipkin.zipkin.md,### Legacy (v1) components,
76,11,openzipkin.zipkin.md,#### MySQL,1
76,12,openzipkin.zipkin.md,## Running the server from source,3
76,13,openzipkin.zipkin.md,## Artifacts,3
76,14,openzipkin.zipkin.md,### Library Releases,
76,15,openzipkin.zipkin.md,### Library Snapshots,
76,16,openzipkin.zipkin.md,### Docker Images,6
76,17,openzipkin.zipkin.md,### Helm Charts,3
76,18,openzipkin.zipkin.md,### Javadocs,
77,1,orhanobut.hawk.md,### Hawk 2.0,"1,6"
77,2,orhanobut.hawk.md,#### Important Note,"3,6"
77,3,orhanobut.hawk.md,### Download,3
77,4,orhanobut.hawk.md,### Initialize,"-,3"
77,5,orhanobut.hawk.md,### Usage,3
77,6,orhanobut.hawk.md,### How does Hawk work?,
77,7,orhanobut.hawk.md,### More options,3
77,8,orhanobut.hawk.md,### License,5
78,1,osmandapp.OsmAnd.md,## OsmAnd (OSM Automated Navigation Directions),
78,2,osmandapp.OsmAnd.md,## Functionality,"1,6"
78,3,osmandapp.OsmAnd.md,## Some of the main features:,"1,6"
78,4,osmandapp.OsmAnd.md,#### Navigation,1
78,5,osmandapp.OsmAnd.md,#### Map Viewing,1
78,6,osmandapp.OsmAnd.md,#### Use OpenStreetMap and Wikipedia Data,6
78,7,osmandapp.OsmAnd.md,#### Safety Features,1
78,8,osmandapp.OsmAnd.md,#### Bicycle and Pedestrian Features,1
78,9,osmandapp.OsmAnd.md,#### Directly Contribute to OpenStreetMap,7
78,10,osmandapp.OsmAnd.md,#### Contribute to OsmAnd,7
78,11,osmandapp.OsmAnd.md,#### Map Coverage and Quality - How Good is OSM Data?,
78,12,osmandapp.OsmAnd.md,##### List of countries supported,6
79,1,permissions-dispatcher.PermissionsDispatcher.md,# PermissionsDispatcher ![CI for pull request](https://github.com/permissions-dispatcher/PermissionsDispatcher/workflows/CI%20for%20pull%20request/badge.svg) [![PermissionsDispatcher](https://www.appbrain.com/stats/libraries/shield/permissions_dispatcher.svg)](https://www.appbrain.com/stats/libraries/details/permissions_dispatcher/permissionsdispatcher),1
79,2,permissions-dispatcher.PermissionsDispatcher.md,## Usage,3
79,3,permissions-dispatcher.PermissionsDispatcher.md,### 0. Prepare AndroidManifest,3
79,4,permissions-dispatcher.PermissionsDispatcher.md,### 1. Attach annotations,3
79,5,permissions-dispatcher.PermissionsDispatcher.md,### 2. Delegate to generated functions,"3,6"
79,6,permissions-dispatcher.PermissionsDispatcher.md,## Other features/plugins,1
79,7,permissions-dispatcher.PermissionsDispatcher.md,## Installation,3
79,8,permissions-dispatcher.PermissionsDispatcher.md,## License,5
80,1,phishman3579.java-algorithms-implementation.md,# Java : Algorithms and Data Structure ![alt tag](https://api.travis-ci.org/phishman3579/java-algorithms-implementation.svg?branch=master),1
80,2,phishman3579.java-algorithms-implementation.md,## Created by Justin Wetherell,6
80,3,phishman3579.java-algorithms-implementation.md,## Support me with a donation,"-,6"
80,4,phishman3579.java-algorithms-implementation.md,# What's been implemented:,1
80,5,phishman3579.java-algorithms-implementation.md,## Table of Contents,
80,6,phishman3579.java-algorithms-implementation.md,## Data Structures,
80,7,phishman3579.java-algorithms-implementation.md,## Mathematics,3
80,8,phishman3579.java-algorithms-implementation.md,## Numbers,"1,3,6"
80,9,phishman3579.java-algorithms-implementation.md,## Graphs,
80,10,phishman3579.java-algorithms-implementation.md,## Search,3
80,11,phishman3579.java-algorithms-implementation.md,## Sequences,3
80,12,phishman3579.java-algorithms-implementation.md,## Sorts,
80,13,phishman3579.java-algorithms-implementation.md,## String Functions,3
80,14,phishman3579.java-algorithms-implementation.md,### [String Functions](src/com/jwetherell/algorithms/strings/StringFunctions.java),"3,6"
80,15,phishman3579.java-algorithms-implementation.md,### [Manacher's algorithm (Find the longest Palindrome)](src/com/jwetherell/algorithms/strings/Manacher.java),"-,3,6"
80,16,phishman3579.java-algorithms-implementation.md,### [KMP (Knuthâ€“Morrisâ€“Pratt) Algorithm - Length of maximal prefix-suffix for each prefix](src/com/jwetherell/algorithms/strings/KnuthMorrisPratt.java),-
80,17,phishman3579.java-algorithms-implementation.md,### [String rotations](src/com/jwetherell/algorithms/strings/Rotation.java),"3,6"
81,1,Piasy.BigImageViewer.md,# BigImageViewer,1
81,2,Piasy.BigImageViewer.md,## Demo,3
81,3,Piasy.BigImageViewer.md,## Getting started,3
81,4,Piasy.BigImageViewer.md,### Add the dependencies,3
81,5,Piasy.BigImageViewer.md,### Initialize,3
81,6,Piasy.BigImageViewer.md,### Add the BigImageView to your layout,3
81,7,Piasy.BigImageViewer.md,### Show the image,3
81,8,Piasy.BigImageViewer.md,## Usage,3
81,9,Piasy.BigImageViewer.md,### Animated image support,3
81,10,Piasy.BigImageViewer.md,### Thumbnail support,3
81,11,Piasy.BigImageViewer.md,### Shared element transition support (experimental),3
81,12,Piasy.BigImageViewer.md,### Download progress indicator,3
81,13,Piasy.BigImageViewer.md,### Prefetch,3
81,14,Piasy.BigImageViewer.md,### Save image into gallery,3
81,15,Piasy.BigImageViewer.md,### Get current image file,3
81,16,Piasy.BigImageViewer.md,### Image init scale type,3
81,17,Piasy.BigImageViewer.md,### Failure image,3
81,18,Piasy.BigImageViewer.md,#### Failure image init scale type,3
81,19,Piasy.BigImageViewer.md,#### Tap to retry,3
81,20,Piasy.BigImageViewer.md,### Image load callback,"3,6"
81,21,Piasy.BigImageViewer.md,### Cancel image loading,"3,6"
81,22,Piasy.BigImageViewer.md,### Full customization,3
81,23,Piasy.BigImageViewer.md,### Custom SSIV support,3
81,24,Piasy.BigImageViewer.md,### Custom Glide components support,3
81,25,Piasy.BigImageViewer.md,## Caveats,3
81,26,Piasy.BigImageViewer.md,## Why another big image viewer?,1
81,27,Piasy.BigImageViewer.md,## Performance,6
81,28,Piasy.BigImageViewer.md,## Todo,
82,1,pockethub.PocketHub.md,"# PocketHub [![Build Status](https://travis-ci.org/pockethub/PocketHub.svg?branch=master)](https://travis-ci.org/pockethub/PocketHub) <a style=""margin-bottom: 0;"" href='https://play.google.com/store/apps/details?id=com.github.pockethub.android&utm_source=global_co&utm_medium=prtnr&utm_content=Mar2515&utm_campaign=PartBadge&pcampaignid=MKT-Other-global-all-co-prtnr-py-PartBadge-Mar2515-1'><img alt='Get it on Google Play' src='https://play.google.com/intl/en_us/badges/images/generic/en_badge_web_generic.png' height=""80px""/></a>","1,3"
82,2,pockethub.PocketHub.md,## What's going on here?,6
82,3,pockethub.PocketHub.md,## Setup Environment,
82,4,pockethub.PocketHub.md,### Callback URL,"3,6"
82,5,pockethub.PocketHub.md,## Legacy Notes,3
82,6,pockethub.PocketHub.md,## License,5
83,1,PojavLauncherTeam.PojavLauncher.md,## [![Twitter Follow](https://img.shields.io/twitter/follow/plaunchteam?color=blue&style=flat-square)](https://twitter.com/PLaunchTeam),1
83,2,PojavLauncherTeam.PojavLauncher.md,## Some notes to start with,5
83,3,PojavLauncherTeam.PojavLauncher.md,## Navigation,
83,4,PojavLauncherTeam.PojavLauncher.md,## Introduction ,1
83,5,PojavLauncherTeam.PojavLauncher.md,## Getting PojavLauncher,3
83,6,PojavLauncherTeam.PojavLauncher.md,## Building,3
83,7,PojavLauncherTeam.PojavLauncher.md,### Java Runtime Environment (JRE),3
83,8,PojavLauncherTeam.PojavLauncher.md,### LWJGL,3
83,9,PojavLauncherTeam.PojavLauncher.md,### The Launcher,3
83,10,PojavLauncherTeam.PojavLauncher.md,## Current status,4
83,11,PojavLauncherTeam.PojavLauncher.md,## Known Issues,
83,12,PojavLauncherTeam.PojavLauncher.md,## License,5
83,13,PojavLauncherTeam.PojavLauncher.md,## Contributing,7
83,14,PojavLauncherTeam.PojavLauncher.md,## Credits & Third party components and their licenses (if available),5
84,1,puniverse.quasar.md,"# *Quasar*<br/>Fibers, Channels and Actors for the JVM",-
84,2,puniverse.quasar.md,## Getting started,3
84,3,puniverse.quasar.md,## Usage,3
84,4,puniverse.quasar.md,## Related Projects,6
84,5,puniverse.quasar.md,## Getting help,6
84,6,puniverse.quasar.md,## Contributions (including Pull Requests),7
84,7,puniverse.quasar.md,## License,5
85,1,querydsl.querydsl.md,## Querydsl,"3,6"
85,2,querydsl.querydsl.md,### Slack,
86,1,rabbitmq.rabbitmq-tutorials.md,# RabbitMQ Tutorials,1
86,2,rabbitmq.rabbitmq-tutorials.md,## Prerequisites,
86,3,rabbitmq.rabbitmq-tutorials.md,## Languages,
86,4,rabbitmq.rabbitmq-tutorials.md,## License,5
87,1,Ramotion.folding-cell-android.md,## Requirements,"1,6"
87,2,Ramotion.folding-cell-android.md,## Installation,3
87,3,Ramotion.folding-cell-android.md,## Basic usage,3
87,4,Ramotion.folding-cell-android.md,## ğŸ—‚ Check this library on other language:,-
87,5,Ramotion.folding-cell-android.md,## ğŸ“„ License,5
87,6,Ramotion.folding-cell-android.md,## ğŸ“± Get the Showroom App for Android to give it a try,
88,1,RedSpider1.concurrent.md,## æ–‡ç« åœ°å€,-
88,2,RedSpider1.concurrent.md,## æœ¬åœ°è¿è¡Œ,-
88,3,RedSpider1.concurrent.md,## æœ¬ä¹¦ç®€ä»‹,-
88,4,RedSpider1.concurrent.md,## å‹˜è¯¯å’Œæ”¯æŒ ,-
88,5,RedSpider1.concurrent.md,## å…¬ä¼—å·,-
89,1,rengwuxian.MaterialEditText.md,# MaterialEditText,1
89,2,rengwuxian.MaterialEditText.md,## Features,1
89,3,rengwuxian.MaterialEditText.md,## Sample,"3,6"
89,4,rengwuxian.MaterialEditText.md,## Download,3
89,5,rengwuxian.MaterialEditText.md,## Usage,3
89,6,rengwuxian.MaterialEditText.md,## Thanks to,5
89,7,rengwuxian.MaterialEditText.md,## License,5
90,1,runelite.runelite.md,# runelite [![CI](https://github.com/runelite/runelite/workflows/CI/badge.svg)](https://github.com/runelite/runelite/actions?query=workflow%3ACI+branch%3Amaster) [![Discord](https://img.shields.io/discord/301497432909414422.svg)](https://discord.gg/ArdAhnN),"5,6"
90,2,runelite.runelite.md,## Project Layout,"3,6"
90,3,runelite.runelite.md,## Usage,3
90,4,runelite.runelite.md,### License,5
90,5,runelite.runelite.md,## Contribute and Develop,7
91,1,SeleniumHQ.selenium.md,# Selenium,
91,2,SeleniumHQ.selenium.md,## Documentation,6
91,3,SeleniumHQ.selenium.md,## Pull Requests,"6,7"
91,4,SeleniumHQ.selenium.md,## Requirements,3
91,5,SeleniumHQ.selenium.md,### Internet Explorer Driver,3
91,6,SeleniumHQ.selenium.md,## Building,3
91,7,SeleniumHQ.selenium.md,### Contribute with GitPod,7
91,8,SeleniumHQ.selenium.md,### Bazel,3
91,9,SeleniumHQ.selenium.md,### Before Building,3
91,10,SeleniumHQ.selenium.md,### Common Build Targets,3
91,11,SeleniumHQ.selenium.md,#### Java,3
91,12,SeleniumHQ.selenium.md,#### JavaScript,3
91,13,SeleniumHQ.selenium.md,#### Python,3
91,14,SeleniumHQ.selenium.md,#### Ruby,3
91,15,SeleniumHQ.selenium.md,#### .NET,3
91,16,SeleniumHQ.selenium.md,### Build Details,3
91,17,SeleniumHQ.selenium.md,### Build Output,3
91,18,SeleniumHQ.selenium.md,### Common Tasks (Bazel),3
91,19,SeleniumHQ.selenium.md,### Editing Code,3
91,20,SeleniumHQ.selenium.md,## Tour,3
91,21,SeleniumHQ.selenium.md,## Help with `go`,"3,6"
91,22,SeleniumHQ.selenium.md,## Maven _per se_,3
91,23,SeleniumHQ.selenium.md,## Updating Java dependencies,3
91,24,SeleniumHQ.selenium.md,## Running browser tests on Linux,3
91,25,SeleniumHQ.selenium.md,## Bazel Installation/Troubleshooting,3
91,26,SeleniumHQ.selenium.md,### Selenium Build Docker Image,3
91,27,SeleniumHQ.selenium.md,### MacOS,3
91,28,SeleniumHQ.selenium.md,#### bazelisk,3
91,29,SeleniumHQ.selenium.md,#### Xcode,3
92,1,Tencent.VasSonic.md,## VasSonic: A Lightweight And High-performance Hybrid Framework,"1,6"
92,2,Tencent.VasSonic.md,## [![wiki](https://img.shields.io/badge/Wiki-open-brightgreen.svg)](https://github.com/Tencent/VasSonic/wiki),1
92,3,Tencent.VasSonic.md,### Before VS After Using VasSonic,3
92,4,Tencent.VasSonic.md,## Getting started,"3,6"
92,5,Tencent.VasSonic.md,## Demo Downloads,3
92,6,Tencent.VasSonic.md,## Support,"5,6"
92,7,Tencent.VasSonic.md,## Contributing,7
92,8,Tencent.VasSonic.md,## License,5
92,9,Tencent.VasSonic.md,## The End,
93,1,TommyLemon.Android-ZBLibrary.md,# ZBLibrary-Androidå¿«é€Ÿå¼€å‘æ¡†æ¶ ,-
93,2,TommyLemon.Android-ZBLibrary.md,### ä¸‹è½½è¯•ç”¨,-
93,3,TommyLemon.Android-ZBLibrary.md,### æ„Ÿè°¢å¼€æº,-
93,4,TommyLemon.Android-ZBLibrary.md,### åˆå§‹åŒ–,-
93,5,TommyLemon.Android-ZBLibrary.md,### ç”Ÿæˆä»£ç ,-
93,6,TommyLemon.Android-ZBLibrary.md,### ç¼–ç¨‹æ€æƒ³,-
93,7,TommyLemon.Android-ZBLibrary.md,### ç›¸å…³æ¨è,-
93,8,TommyLemon.Android-ZBLibrary.md,### å¼€å‘è§„èŒƒ,-
93,9,TommyLemon.Android-ZBLibrary.md,### æ¶æ„ã€æ¨¡å¼ã€æŠ€æœ¯,-
93,10,TommyLemon.Android-ZBLibrary.md,### é—®é¢˜åŠè§£å†³æ–¹æ³•,-
93,11,TommyLemon.Android-ZBLibrary.md,### ä½¿ç”¨ç™»è®°,-
93,12,TommyLemon.Android-ZBLibrary.md,### å…³äºä½œè€…,-
93,13,TommyLemon.Android-ZBLibrary.md,#### QQæŠ€æœ¯äº¤æµç¾¤,-
93,14,TommyLemon.Android-ZBLibrary.md,### å…¶å®ƒé¡¹ç›®,-
93,15,TommyLemon.Android-ZBLibrary.md,### æŒç»­æ›´æ–°,-
93,16,TommyLemon.Android-ZBLibrary.md,### æˆ‘è¦èµèµ,-
94,1,WeiYe-Jing.datax-web.md,# DataX-Web,"1,3"
94,2,WeiYe-Jing.datax-web.md,# Architecture diagramï¼š,-
94,3,WeiYe-Jing.datax-web.md,# System Requirements,3
94,4,WeiYe-Jing.datax-web.md,# Features,"1,4"
94,5,WeiYe-Jing.datax-web.md,# Quick Startï¼š,-
94,6,WeiYe-Jing.datax-web.md,##### è¯·ç‚¹å‡»ï¼š[Quick Start](https://github.com/WeiYe-Jing/datax-web/blob/master/userGuid.md),-
94,7,WeiYe-Jing.datax-web.md,##### Linuxï¼š[ä¸€é”®éƒ¨ç½²](https://github.com/WeiYe-Jing/datax-web/blob/master/doc/datax-web/datax-web-deploy.md),-
94,8,WeiYe-Jing.datax-web.md,# Introductionï¼š,"-,1"
94,9,WeiYe-Jing.datax-web.md,### 1.æ‰§è¡Œå™¨é…ç½®(ä½¿ç”¨å¼€æºé¡¹ç›®xxl-job),-
94,10,WeiYe-Jing.datax-web.md,#### æ‰§è¡Œå™¨å±æ€§è¯´æ˜,-
94,11,WeiYe-Jing.datax-web.md,### 2.åˆ›å»ºæ•°æ®æº,-
94,12,WeiYe-Jing.datax-web.md,### 3.åˆ›å»ºä»»åŠ¡æ¨¡ç‰ˆ,-
94,13,WeiYe-Jing.datax-web.md,### 4. æ„å»ºJSONè„šæœ¬,-
94,14,WeiYe-Jing.datax-web.md,### 5.æ‰¹é‡åˆ›å»ºä»»åŠ¡,-
94,15,WeiYe-Jing.datax-web.md,### 6.ä»»åŠ¡åˆ›å»ºä»‹ç»ï¼ˆå…³è”æ¨¡ç‰ˆåˆ›å»ºä»»åŠ¡ä¸å†ä»‹ç»ï¼Œå…·ä½“å‚è€ƒ4. æ„å»ºJSONè„šæœ¬ï¼‰,"-,4"
94,16,WeiYe-Jing.datax-web.md,"#### æ”¯æŒDataXä»»åŠ¡,Shellä»»åŠ¡ï¼ŒPythonä»»åŠ¡ï¼ŒPowerShellä»»åŠ¡",-
94,17,WeiYe-Jing.datax-web.md,### 7. ä»»åŠ¡åˆ—è¡¨,-
94,18,WeiYe-Jing.datax-web.md,"### 8. å¯ä»¥ç‚¹å‡»æŸ¥çœ‹æ—¥å¿—ï¼Œå®æ—¶è·å–æ—¥å¿—ä¿¡æ¯,ç»ˆæ­¢æ­£åœ¨æ‰§è¡Œçš„dataxè¿›ç¨‹",-
94,19,WeiYe-Jing.datax-web.md,### 9.ä»»åŠ¡èµ„æºç›‘æ§,-
94,20,WeiYe-Jing.datax-web.md,### 10. adminå¯ä»¥åˆ›å»ºç”¨æˆ·ï¼Œç¼–è¾‘ç”¨æˆ·ä¿¡æ¯,-
94,21,WeiYe-Jing.datax-web.md,# UI,6
94,22,WeiYe-Jing.datax-web.md,# é¡¹ç›®æˆå‘˜,-
94,23,WeiYe-Jing.datax-web.md,# Contributing,7
94,24,WeiYe-Jing.datax-web.md,# Copyright and License,5
94,25,WeiYe-Jing.datax-web.md,# v-2.1.2,4
94,26,WeiYe-Jing.datax-web.md,### æ–°å¢,"-,4"
94,27,WeiYe-Jing.datax-web.md,### å‡çº§ï¼š,-
94,28,WeiYe-Jing.datax-web.md,### å¤‡æ³¨ï¼š,"-,4"
94,29,WeiYe-Jing.datax-web.md,# v-2.1.1,4
94,30,WeiYe-Jing.datax-web.md,### æ–°å¢,-
94,31,WeiYe-Jing.datax-web.md,### å‡çº§ï¼š,"-,4"
94,32,WeiYe-Jing.datax-web.md,### ä¿®å¤ï¼š,"-,4"
94,33,WeiYe-Jing.datax-web.md,# æäº¤ä»£ç ,-
94,34,WeiYe-Jing.datax-web.md,# Contact us,5
94,35,WeiYe-Jing.datax-web.md,### ä¸ªäººå¾®ä¿¡,-
94,36,WeiYe-Jing.datax-web.md,### QQäº¤æµç¾¤,-
95,1,wiremock.wiremock.md,# WireMock - a web service test double for all occasions,1
95,2,wiremock.wiremock.md,## !!! Log4j notice !!!,"3,4"
95,3,wiremock.wiremock.md,## Key Features,"1,6"
95,4,wiremock.wiremock.md,## Questions and Issues,"5,6"
95,5,wiremock.wiremock.md,## Contributing,7
95,6,wiremock.wiremock.md,## Building WireMock locally,3
96,1,wxiaoqi.Spring-Cloud-Platform.md,### Cloud-Platform,6
96,2,wxiaoqi.Spring-Cloud-Platform.md,### QQç¾¤å·ï¼š169824183(1)ã€592462556(2)ã€661605461(3),"-,4"
96,3,wxiaoqi.Spring-Cloud-Platform.md,### å…¬ä¼—å·,-
96,4,wxiaoqi.Spring-Cloud-Platform.md,#### å¼€æºç”¨æˆ·ç™»è®°ï¼Œå®£ä¼ ç”¨ï¼š[ç‚¹å‡»æ‰“å¼€](https://gitee.com/geek_qi/cloud-platform/issues/II9SP),-
96,5,wxiaoqi.Spring-Cloud-Platform.md,#### æœ€æ–°æ›´æ–°æ—¥å¿—ï¼Œ[ç‚¹å‡»æŸ¥çœ‹](https://gitee.com/geek_qi/cloud-platform/wikis/Cloud-Platformæ›´æ–°æ—¥å¿—?sort_id=320050),-
96,6,wxiaoqi.Spring-Cloud-Platform.md,#### åŸºç¡€æ–‡æ¡£ï¼Œ[ç‚¹å‡»æŸ¥çœ‹](https://gitee.com/geek_qi/cloud-platform/blob/master/dev-doc.md),-
96,7,wxiaoqi.Spring-Cloud-Platform.md,# æ¨¡å—è¯´æ˜,-
96,8,wxiaoqi.Spring-Cloud-Platform.md,### æ¶æ„æ‘˜è¦,-
96,9,wxiaoqi.Spring-Cloud-Platform.md,#### ä¸­å°åŒ–å‰ç«¯,"-,4"
96,10,wxiaoqi.Spring-Cloud-Platform.md,#### JWTé‰´æƒ,-
96,11,wxiaoqi.Spring-Cloud-Platform.md,#### ç›‘æ§,-
96,12,wxiaoqi.Spring-Cloud-Platform.md,#### è´Ÿè½½å‡è¡¡,"-,1"
96,13,wxiaoqi.Spring-Cloud-Platform.md,#### æœåŠ¡æ³¨å†Œä¸è°ƒç”¨,-
96,14,wxiaoqi.Spring-Cloud-Platform.md,#### ç†”æ–­ä¸æµæ§,-
96,15,wxiaoqi.Spring-Cloud-Platform.md,## ,-
96,16,wxiaoqi.Spring-Cloud-Platform.md,## åŠŸèƒ½æˆªå›¾,-
96,17,wxiaoqi.Spring-Cloud-Platform.md,### åŸºæœ¬åŠŸèƒ½,-
96,18,wxiaoqi.Spring-Cloud-Platform.md,# åŠŸèƒ½æˆªå›¾,-
96,19,wxiaoqi.Spring-Cloud-Platform.md,## License,5
97,1,ximsfei.Android-skin-support.md,# Android-skin-support,
97,2,ximsfei.Android-skin-support.md,## ä»‹ç»,
97,3,ximsfei.Android-skin-support.md,### åŠŸèƒ½,-
97,4,ximsfei.Android-skin-support.md,### TODO,4
97,5,ximsfei.Android-skin-support.md,### ç›®å½•ç»“æ„,-
97,6,ximsfei.Android-skin-support.md,## Demo,3
97,7,ximsfei.Android-skin-support.md,## ç”¨æ³•,-
97,8,ximsfei.Android-skin-support.md,### å¯¼å…¥:,-
97,9,ximsfei.Android-skin-support.md,#### support library,3
97,10,ximsfei.Android-skin-support.md,#### AndroidX support:,3
97,11,ximsfei.Android-skin-support.md,### ä½¿ç”¨:,-
97,12,ximsfei.Android-skin-support.md,#### çš®è‚¤å¼€å…³,-
97,13,ximsfei.Android-skin-support.md,#### åŠ è½½æ’ä»¶çš®è‚¤åº“,-
97,14,ximsfei.Android-skin-support.md,#### è‡ªå®šä¹‰Viewæ¢è‚¤,-
97,15,ximsfei.Android-skin-support.md,### åº”ç”¨å†…æ¢è‚¤:,-
97,16,ximsfei.Android-skin-support.md,### æ’ä»¶å¼æ¢è‚¤:,-
97,17,ximsfei.Android-skin-support.md,#### æ–°å»ºAndroid applicationå·¥ç¨‹,-
97,18,ximsfei.Android-skin-support.md,#### å°†éœ€è¦æ¢è‚¤çš„èµ„æºæ”¾åˆ°resç›®å½•ä¸‹(åŒåèµ„æº),-
97,19,ximsfei.Android-skin-support.md,"#### æ‰“åŒ…ç”Ÿæˆapk, å³ä¸ºçš®è‚¤åŒ…",-
97,20,ximsfei.Android-skin-support.md,#### åŠ è½½çš®è‚¤æ’ä»¶,-
97,21,ximsfei.Android-skin-support.md,### è‡ªå®šä¹‰åŠ è½½ç­–ç•¥:,-
97,22,ximsfei.Android-skin-support.md,#### è‡ªå®šä¹‰sdcardè·¯å¾„,-
97,23,ximsfei.Android-skin-support.md,#### zipåŒ…ä¸­åŠ è½½èµ„æº,"-,3"
97,24,ximsfei.Android-skin-support.md,### åŠ¨æ€è®¾ç½®èµ„æº,-
97,25,ximsfei.Android-skin-support.md,#### [åŠ¨æ€è®¾ç½®é¢œè‰²](demo/skin-app/src/main/java/com/ximsfei/skindemo/picker/ColorPickerActivity.java),-
97,26,ximsfei.Android-skin-support.md,#### [åŠ¨æ€è®¾ç½®å›¾ç‰‡](demo/skin-app/src/main/java/com/ximsfei/skindemo/picker/DrawablePickerActivity.java),-
97,27,ximsfei.Android-skin-support.md,### è·å–å½“å‰ä½¿ç”¨çš®è‚¤,-
97,28,ximsfei.Android-skin-support.md,## ç¼ºç‚¹,-
97,29,ximsfei.Android-skin-support.md,## è°åœ¨ä½¿ç”¨,-
97,30,ximsfei.Android-skin-support.md,## æŠ€æœ¯äº¤æµ,-
97,31,ximsfei.Android-skin-support.md,## [License MIT](LICENSE),5
98,1,zhanglei-workspace.shopping-management-system.md,# README,
98,2,zhanglei-workspace.shopping-management-system.md,#### Javaæ§åˆ¶å°æ˜¾ç¤ºç•Œé¢ã€‚,-
98,3,zhanglei-workspace.shopping-management-system.md,###,3
98,4,zhanglei-workspace.shopping-management-system.md,#### JSPæ˜¾ç¤ºé¡µé¢ï¼Œæ¨¡æ‹Ÿè´­ç‰©ç½‘ç«™ã€‚,-
98,5,zhanglei-workspace.shopping-management-system.md,###,
98,6,zhanglei-workspace.shopping-management-system.md,#### æ”¹ä¸ºmybatisè¿æ¥æ•°æ®åº“ã€‚,-
98,7,zhanglei-workspace.shopping-management-system.md,###,
98,8,zhanglei-workspace.shopping-management-system.md,#### é£é¸Ÿé€Ÿè´­,-
98,9,zhanglei-workspace.shopping-management-system.md,###,"-,3"
99,1,ZHENFENG13.spring-boot-projects.md,# Spring Boot Projects,"1,6"
99,2,ZHENFENG13.spring-boot-projects.md,## é¡¹ç›®å¯¼èˆª,-
99,3,ZHENFENG13.spring-boot-projects.md,## ,-
99,4,ZHENFENG13.spring-boot-projects.md,#### é¡¹ç›®æ¼”ç¤º,-
99,5,ZHENFENG13.spring-boot-projects.md,## ,-
99,6,ZHENFENG13.spring-boot-projects.md,#### Spring Boot å®æˆ˜é¡¹ç›®æºç ,"-,1"
99,7,ZHENFENG13.spring-boot-projects.md,## ,-
99,8,ZHENFENG13.spring-boot-projects.md,## Spring Boot åŸºç¡€ä½¿ç”¨æ¡ˆä¾‹,"-,1"
99,9,ZHENFENG13.spring-boot-projects.md,## ,-
99,10,ZHENFENG13.spring-boot-projects.md,## å¼€å‘æ–‡æ¡£,-
99,11,ZHENFENG13.spring-boot-projects.md,### ã€ŠSpringBoot + Mybatis + Thymeleaf æ­å»ºç¾è§‚å®ç”¨çš„ä¸ªäººåšå®¢ã€‹(æ”¯ä»˜å‡å…ä¼˜æƒ åˆ¸ç  LSJdK3KT ),-
99,12,ZHENFENG13.spring-boot-projects.md,### ã€ŠSpringBoot + Mybatis + Thymeleaf å¼€å‘ BBS è®ºå›é¡¹ç›®ã€‹(æ”¯ä»˜å‡å…ä¼˜æƒ åˆ¸ç  jRPuZHPz ),-
99,13,ZHENFENG13.spring-boot-projects.md,### ã€ŠSpring Boot å‰åç«¯åˆ†ç¦»é¡¹ç›®å®è·µã€‹è¯¾ç¨‹ç›®å½•(æ”¯ä»˜å‡å…ä¼˜æƒ åˆ¸ç  y6tPSOK7 ),"-,1"
99,14,ZHENFENG13.spring-boot-projects.md,### ã€Š23 ä¸ªå®éªŒå¸¦ä½ è½»æ¾ç©è½¬ Spring Bootã€‹è¯¾ç¨‹ç›®å½•(æ”¯ä»˜å‡å…ä¼˜æƒ åˆ¸ç  S0N2dSD2 ),-
99,15,ZHENFENG13.spring-boot-projects.md,## ,-
99,16,ZHENFENG13.spring-boot-projects.md,## äº¤æµ,-
100,1,zxing.zxing.md,## Project in Maintenance Mode Only,
100,2,zxing.zxing.md,## Get Started Developing,"3,6"
100,3,zxing.zxing.md,## Supported Formats,4
100,4,zxing.zxing.md,## Components,-
100,5,zxing.zxing.md,### Active,1
100,6,zxing.zxing.md,### Available in previous releases,
100,7,zxing.zxing.md,### ZXing-based third-party open source projects,1
100,8,zxing.zxing.md,### Other related third-party open source projects,"1,6"
100,9,zxing.zxing.md,## Links,6
100,10,zxing.zxing.md,## Contacting,5
100,11,zxing.zxing.md,## Etcetera,1
